Region,Month of Period End,Median Sale Price,Median Sale Price MoM ,Median Sale Price YoY ,Homes Sold,Homes Sold MoM ,Homes Sold YoY ,New Listings,New Listings MoM ,New Listings YoY ,Inventory,Inventory MoM , Inventory YoY ,Days on Market,Days on Market MoM,Days on Market YoY,Average Sale To List,Average Sale To List MoM ,Average Sale To List YoY 
National,2014-01-01,173000.0,-0.073,0.132,36650.0,-0.22399999999999998,0.006,61139.0,0.624,-0.011000000000000001,197637.0,0.036000000000000004,0.001,72.0,9.0,-5.0,0.966,-0.002,-0.001
National,2014-02-01,175000.0,0.009000000000000001,0.166,38109.0,0.04,-0.017,62392.0,0.02,0.016,204458.0,0.035,0.005,71.0,-1.0,-1.0,0.9690000000000001,0.003,0.0
National,2014-03-01,184000.0,0.055,0.138,47830.0,0.255,-0.06,78292.0,0.255,0.125,214259.0,0.048,0.034,63.0,-8.0,-5.0,0.97,0.001,-0.001
National,2014-04-01,189000.0,0.025,0.135,55788.0,0.166,0.012,81891.0,0.046,0.057,217309.0,0.013999999999999999,0.017,54.0,-9.0,-8.0,0.973,0.002,0.0
National,2014-05-01,192000.0,0.016,0.10800000000000001,61369.0,0.1,-0.038,81229.0,-0.008,0.064,219888.0,0.012,0.019,49.0,-5.0,-6.0,0.975,0.002,-0.001
National,2014-06-01,196000.0,0.018000000000000002,0.066,63697.0,0.038,0.06,76571.0,-0.057,0.06,222939.0,0.013999999999999999,0.03,48.0,-1.0,-6.0,0.975,-0.001,-0.004
National,2014-07-01,192000.0,-0.02,0.040999999999999995,62445.0,-0.02,-0.012,73405.0,-0.040999999999999995,0.013000000000000001,226474.0,0.016,0.046,48.0,0.0,-9.0,0.9740000000000001,0.0,-0.004
National,2014-08-01,194000.0,0.013000000000000001,0.04,58848.0,-0.057999999999999996,-0.076,67540.0,-0.08,-0.017,223505.0,-0.013000000000000001,0.051,51.0,3.0,-3.0,0.9720000000000001,-0.002,-0.005
National,2014-09-01,190000.0,-0.022000000000000002,0.045,55623.0,-0.055,0.044000000000000004,68505.0,0.013999999999999999,0.037000000000000005,223712.0,0.001,0.037000000000000005,55.0,5.0,-2.0,0.97,-0.002,-0.004
National,2014-10-01,191000.0,0.008,0.053,57546.0,0.035,0.078,66415.0,-0.031000000000000003,0.03,220006.0,-0.017,0.021,58.0,2.0,0.0,0.97,-0.001,-0.004
National,2014-11-01,191000.0,-0.002,0.062000000000000006,42630.0,-0.259,-0.042,48276.0,-0.273,-0.005,209743.0,-0.047,0.013999999999999999,58.0,0.0,-1.0,0.9690000000000001,-0.001,-0.004
National,2014-12-01,193000.0,0.01,0.032,50781.0,0.19100000000000003,0.075,39174.0,-0.189,0.040999999999999995,191862.0,-0.085,0.006,62.0,5.0,-1.0,0.9670000000000001,-0.002,-0.002
National,2015-01-01,189000.0,-0.019,0.092,36674.0,-0.278,0.001,64529.0,0.647,0.055,198046.0,0.032,0.002,70.0,8.0,-3.0,0.965,-0.002,-0.001
National,2015-02-01,183000.0,-0.03,0.049,39626.0,0.081,0.04,64988.0,0.006999999999999999,0.042,202396.0,0.022000000000000002,-0.01,67.0,-3.0,-5.0,0.968,0.003,-0.001
National,2015-03-01,196000.0,0.071,0.065,53997.0,0.363,0.129,84503.0,0.3,0.079,209955.0,0.037000000000000005,-0.02,58.0,-9.0,-5.0,0.9720000000000001,0.004,0.001
National,2015-04-01,199000.0,0.011000000000000001,0.05,59836.0,0.10800000000000001,0.073,88500.0,0.047,0.081,217961.0,0.038,0.003,49.0,-9.0,-5.0,0.9740000000000001,0.003,0.002
National,2015-05-01,204000.0,0.025,0.06,64319.0,0.075,0.048,83614.0,-0.055,0.028999999999999998,221422.0,0.016,0.006999999999999999,47.0,-2.0,-2.0,0.976,0.002,0.001
National,2015-06-01,206000.0,0.012,0.053,71896.0,0.11800000000000001,0.129,82477.0,-0.013999999999999999,0.077,220637.0,-0.004,-0.01,44.0,-3.0,-4.0,0.978,0.002,0.004
National,2015-07-01,208000.0,0.01,0.086,70998.0,-0.012,0.13699999999999998,77552.0,-0.06,0.055999999999999994,216991.0,-0.017,-0.042,45.0,1.0,-3.0,0.978,0.0,0.004
National,2015-08-01,208000.0,0.002,0.073,63900.0,-0.1,0.086,71178.0,-0.08199999999999999,0.054000000000000006,211886.0,-0.024,-0.052000000000000005,46.0,2.0,-4.0,0.9770000000000001,-0.001,0.005
National,2015-09-01,200000.0,-0.039,0.055,60292.0,-0.055999999999999994,0.084,70119.0,-0.015,0.024,210382.0,-0.006999999999999999,-0.06,49.0,2.0,-7.0,0.9740000000000001,-0.003,0.004
National,2015-10-01,200000.0,0.001,0.048,56518.0,-0.063,-0.018000000000000002,65441.0,-0.067,-0.015,203732.0,-0.032,-0.07400000000000001,50.0,1.0,-8.0,0.9740000000000001,0.0,0.004
National,2015-11-01,202000.0,0.01,0.06,45109.0,-0.20199999999999999,0.057999999999999996,51203.0,-0.218,0.061,192478.0,-0.055,-0.08199999999999999,52.0,2.0,-6.0,0.9720000000000001,-0.002,0.004
National,2015-12-01,206000.0,0.018000000000000002,0.069,54357.0,0.20500000000000002,0.07,39837.0,-0.222,0.017,174130.0,-0.095,-0.092,55.0,3.0,-7.0,0.9720000000000001,0.0,0.005
National,2016-01-01,200000.0,-0.027000000000000003,0.06,39631.0,-0.271,0.081,62988.0,0.5810000000000001,-0.024,179128.0,0.028999999999999998,-0.096,62.0,7.0,-8.0,0.97,-0.002,0.005
National,2016-02-01,200000.0,-0.004,0.08900000000000001,42134.0,0.063,0.063,72455.0,0.15,0.115,187734.0,0.048,-0.07200000000000001,60.0,-2.0,-7.0,0.9720000000000001,0.002,0.004
National,2016-03-01,210000.0,0.053,0.07,56183.0,0.33299999999999996,0.04,85502.0,0.18,0.012,195037.0,0.039,-0.071,49.0,-11.0,-9.0,0.9770000000000001,0.005,0.005
National,2016-04-01,214000.0,0.016,0.076,62627.0,0.115,0.047,85836.0,0.004,-0.03,200055.0,0.026000000000000002,-0.08199999999999999,43.0,-6.0,-5.0,0.9790000000000001,0.002,0.004
National,2016-05-01,217000.0,0.013999999999999999,0.064,67762.0,0.08199999999999999,0.054000000000000006,82534.0,-0.038,-0.013000000000000001,200395.0,0.002,-0.095,41.0,-3.0,-6.0,0.98,0.001,0.004
National,2016-06-01,223000.0,0.027999999999999997,0.081,74462.0,0.099,0.036000000000000004,80961.0,-0.019,-0.018000000000000002,198897.0,-0.006999999999999999,-0.099,40.0,-1.0,-4.0,0.981,0.001,0.003
National,2016-07-01,223000.0,0.0,0.071,65151.0,-0.125,-0.08199999999999999,74723.0,-0.077,-0.036000000000000004,199056.0,0.001,-0.083,40.0,-1.0,-5.0,0.98,-0.001,0.002
National,2016-08-01,224000.0,0.006999999999999999,0.077,69318.0,0.064,0.085,72991.0,-0.023,0.025,192836.0,-0.031000000000000003,-0.09,42.0,2.0,-5.0,0.9790000000000001,-0.002,0.002
National,2016-09-01,224000.0,-0.002,0.11900000000000001,63572.0,-0.083,0.054000000000000006,71946.0,-0.013999999999999999,0.026000000000000002,192626.0,-0.001,-0.084,44.0,3.0,-4.0,0.978,-0.001,0.003
National,2016-10-01,222000.0,-0.006,0.111,55937.0,-0.12,-0.01,60728.0,-0.156,-0.07200000000000001,183702.0,-0.046,-0.098,46.0,1.0,-4.0,0.9770000000000001,-0.001,0.003
National,2016-11-01,234000.0,0.05,0.155,53544.0,-0.043,0.187,51672.0,-0.149,0.009000000000000001,172002.0,-0.064,-0.106,47.0,1.0,-5.0,0.9770000000000001,0.0,0.004
National,2016-12-01,223000.0,-0.044000000000000004,0.084,54204.0,0.012,-0.003,38842.0,-0.24800000000000003,-0.025,153303.0,-0.109,-0.12,51.0,4.0,-4.0,0.9740000000000001,-0.003,0.002
National,2017-01-01,219000.0,-0.019,0.09300000000000001,42603.0,-0.214,0.075,64721.0,0.6659999999999999,0.027999999999999997,157415.0,0.027000000000000003,-0.121,55.0,4.0,-7.0,0.9740000000000001,0.0,0.004
National,2017-02-01,218000.0,-0.003,0.094,44468.0,0.044000000000000004,0.055,68840.0,0.064,-0.05,162487.0,0.032,-0.134,50.0,-5.0,-10.0,0.976,0.002,0.004
National,2017-03-01,228000.0,0.045,0.086,63820.0,0.435,0.136,86400.0,0.255,0.01,167700.0,0.032,-0.14,42.0,-8.0,-7.0,0.98,0.004,0.003
National,2017-04-01,229000.0,0.002,0.071,61525.0,-0.036000000000000004,-0.018000000000000002,81055.0,-0.062000000000000006,-0.055999999999999994,171579.0,0.023,-0.142,37.0,-5.0,-6.0,0.9820000000000001,0.002,0.003
National,2017-05-01,231000.0,0.012,0.069,72867.0,0.184,0.075,86012.0,0.061,0.042,173347.0,0.01,-0.135,34.0,-3.0,-7.0,0.985,0.003,0.005
National,2017-06-01,236000.0,0.018000000000000002,0.057999999999999996,77865.0,0.069,0.046,84685.0,-0.015,0.046,175274.0,0.011000000000000001,-0.11900000000000001,35.0,1.0,-6.0,0.986,0.001,0.004
National,2017-07-01,236000.0,0.002,0.06,65714.0,-0.156,0.009000000000000001,73929.0,-0.127,-0.011000000000000001,173828.0,-0.008,-0.127,34.0,-1.0,-6.0,0.985,-0.001,0.004
National,2017-08-01,234000.0,-0.011000000000000001,0.040999999999999995,70691.0,0.076,0.02,75180.0,0.017,0.03,170528.0,-0.019,-0.11599999999999999,37.0,3.0,-5.0,0.9840000000000001,-0.001,0.005
National,2017-09-01,236000.0,0.011000000000000001,0.055,60571.0,-0.14300000000000002,-0.047,68512.0,-0.08900000000000001,-0.048,170991.0,0.003,-0.11199999999999999,38.0,1.0,-7.0,0.9820000000000001,-0.002,0.004
National,2017-10-01,243000.0,0.027000000000000003,0.091,60337.0,-0.004,0.079,67106.0,-0.021,0.105,166494.0,-0.026000000000000002,-0.094,38.0,1.0,-8.0,0.9820000000000001,0.0,0.005
National,2017-11-01,244000.0,0.005,0.044000000000000004,56152.0,-0.069,0.049,54326.0,-0.19,0.051,155640.0,-0.065,-0.095,41.0,2.0,-6.0,0.981,-0.001,0.004
National,2017-12-01,244000.0,0.0,0.092,54292.0,-0.033,0.002,37772.0,-0.305,-0.027999999999999997,138015.0,-0.113,-0.1,45.0,4.0,-6.0,0.9790000000000001,-0.002,0.005
National,2018-01-01,235000.0,-0.037000000000000005,0.07200000000000001,42478.0,-0.218,-0.003,64740.0,0.7140000000000001,0.0,142696.0,0.034,-0.094,48.0,3.0,-7.0,0.978,-0.001,0.004
National,2018-02-01,237000.0,0.008,0.084,44608.0,0.05,0.003,70186.0,0.084,0.02,150605.0,0.055,-0.073,44.0,-4.0,-6.0,0.981,0.003,0.005
National,2018-03-01,244000.0,0.028999999999999998,0.067,61936.0,0.38799999999999996,-0.03,84031.0,0.197,-0.027000000000000003,156207.0,0.037000000000000005,-0.069,35.0,-9.0,-7.0,0.985,0.004,0.005
National,2018-04-01,244000.0,0.001,0.066,65211.0,0.053,0.06,88811.0,0.057,0.096,163314.0,0.045,-0.048,32.0,-4.0,-6.0,0.9870000000000001,0.002,0.004
National,2018-05-01,243000.0,-0.004,0.048,72953.0,0.11900000000000001,0.001,89751.0,0.011000000000000001,0.043,169343.0,0.037000000000000005,-0.023,29.0,-2.0,-5.0,0.9870000000000001,0.001,0.003
National,2018-06-01,246000.0,0.013000000000000001,0.043,74914.0,0.027000000000000003,-0.038,83996.0,-0.064,-0.008,173098.0,0.022000000000000002,-0.012,30.0,0.0,-5.0,0.9870000000000001,-0.001,0.001
National,2018-07-01,246000.0,0.0,0.040999999999999995,69123.0,-0.077,0.052000000000000005,78959.0,-0.06,0.068,174179.0,0.006,0.002,31.0,1.0,-3.0,0.986,-0.001,0.001
National,2018-08-01,242000.0,-0.017,0.034,71249.0,0.031000000000000003,0.008,78722.0,-0.003,0.047,176746.0,0.015,0.036000000000000004,33.0,2.0,-4.0,0.983,-0.003,-0.001
National,2018-09-01,242000.0,0.0,0.023,54387.0,-0.237,-0.102,71079.0,-0.09699999999999999,0.037000000000000005,184279.0,0.043,0.078,36.0,3.0,-2.0,0.981,-0.002,-0.001
National,2018-10-01,242000.0,0.0,-0.004,59701.0,0.098,-0.011000000000000001,69935.0,-0.016,0.042,183881.0,-0.002,0.10400000000000001,38.0,3.0,0.0,0.98,-0.001,-0.002
National,2018-11-01,244000.0,0.011000000000000001,0.002,51910.0,-0.131,-0.076,54105.0,-0.226,-0.004,175964.0,-0.043,0.131,42.0,3.0,1.0,0.9770000000000001,-0.002,-0.003
National,2018-12-01,241000.0,-0.013999999999999999,-0.012,47078.0,-0.09300000000000001,-0.133,37141.0,-0.314,-0.017,159081.0,-0.096,0.153,46.0,5.0,1.0,0.976,-0.001,-0.003
National,2019-01-01,239000.0,-0.006,0.02,38039.0,-0.192,-0.10400000000000001,67435.0,0.816,0.042,167327.0,0.052000000000000005,0.17300000000000001,54.0,8.0,6.0,0.973,-0.003,-0.004
National,2019-02-01,241000.0,0.005,0.017,42636.0,0.121,-0.044000000000000004,66739.0,-0.01,-0.049,173579.0,0.037000000000000005,0.153,52.0,-3.0,8.0,0.975,0.001,-0.006999999999999999
National,2019-03-01,249000.0,0.035,0.023,55116.0,0.29300000000000004,-0.11,82210.0,0.23199999999999998,-0.022000000000000002,180288.0,0.039,0.154,45.0,-7.0,10.0,0.9790000000000001,0.004,-0.006
National,2019-04-01,250000.0,0.004,0.026000000000000002,64198.0,0.165,-0.016,87390.0,0.063,-0.016,185376.0,0.027999999999999997,0.135,39.0,-6.0,7.0,0.981,0.002,-0.006
National,2019-05-01,255000.0,0.019,0.049,72647.0,0.132,-0.004,88170.0,0.009000000000000001,-0.018000000000000002,190487.0,0.027999999999999997,0.125,36.0,-2.0,7.0,0.983,0.002,-0.005
National,2019-06-01,255000.0,0.003,0.039,66321.0,-0.087,-0.115,76947.0,-0.127,-0.084,191590.0,0.006,0.107,35.0,-1.0,6.0,0.9820000000000001,-0.001,-0.005
National,2019-07-01,248000.0,-0.027999999999999997,0.01,66460.0,0.002,-0.039,74882.0,-0.027000000000000003,-0.052000000000000005,188266.0,-0.017,0.081,39.0,3.0,8.0,0.9820000000000001,0.0,-0.004
National,2019-08-01,252000.0,0.013000000000000001,0.042,65961.0,-0.008,-0.07400000000000001,72466.0,-0.032,-0.079,185550.0,-0.013999999999999999,0.05,40.0,2.0,7.0,0.98,-0.001,-0.002
National,2019-09-01,249000.0,-0.011000000000000001,0.03,56067.0,-0.15,0.031000000000000003,70985.0,-0.02,-0.001,187912.0,0.013000000000000001,0.02,42.0,2.0,6.0,0.9790000000000001,-0.002,-0.002
National,2019-10-01,252000.0,0.011000000000000001,0.040999999999999995,57810.0,0.031000000000000003,-0.032,68284.0,-0.038,-0.024,185258.0,-0.013999999999999999,0.006999999999999999,43.0,1.0,5.0,0.978,0.0,-0.001
National,2019-11-01,255000.0,0.013999999999999999,0.044000000000000004,50005.0,-0.135,-0.037000000000000005,49427.0,-0.276,-0.086,171799.0,-0.073,-0.024,44.0,1.0,3.0,0.978,-0.001,0.0
National,2019-12-01,262000.0,0.025,0.086,54005.0,0.08,0.147,35621.0,-0.27899999999999997,-0.040999999999999995,150243.0,-0.125,-0.055999999999999994,50.0,6.0,4.0,0.976,-0.001,0.0
National,2020-01-01,261000.0,-0.003,0.08900000000000001,42124.0,-0.22,0.107,66707.0,0.873,-0.011000000000000001,155294.0,0.034,-0.07200000000000001,58.0,7.0,4.0,0.975,-0.002,0.002
National,2020-02-01,260000.0,-0.005,0.078,46882.0,0.113,0.1,70432.0,0.055999999999999994,0.055,160056.0,0.031000000000000003,-0.078,51.0,-6.0,0.0,0.9790000000000001,0.004,0.004
National,2020-03-01,271000.0,0.045,0.08900000000000001,56634.0,0.20800000000000002,0.027999999999999997,72469.0,0.028999999999999998,-0.11800000000000001,166961.0,0.043,-0.07400000000000001,41.0,-10.0,-4.0,0.983,0.004,0.004
National,2020-04-01,262000.0,-0.034,0.048,42948.0,-0.242,-0.331,46835.0,-0.354,-0.46399999999999997,167006.0,0.0,-0.099,35.0,-6.0,-4.0,0.983,0.0,0.002
National,2020-05-01,251000.0,-0.043,-0.016,37757.0,-0.121,-0.48,70511.0,0.506,-0.2,175067.0,0.048,-0.081,41.0,6.0,4.0,0.978,-0.005,-0.005
National,2020-06-01,253000.0,0.008,-0.01,55703.0,0.47500000000000003,-0.16,83758.0,0.188,0.08900000000000001,178439.0,0.019,-0.069,43.0,2.0,7.0,0.9790000000000001,0.001,-0.003
National,2020-07-01,262000.0,0.037000000000000005,0.055,70859.0,0.272,0.066,92542.0,0.105,0.23600000000000002,184514.0,0.034,-0.02,39.0,-4.0,0.0,0.983,0.004,0.001
National,2020-08-01,267000.0,0.017,0.06,70090.0,-0.011000000000000001,0.063,87348.0,-0.055999999999999994,0.20500000000000002,187271.0,0.015,0.009000000000000001,37.0,-2.0,-3.0,0.983,0.001,0.003
National,2020-09-01,272000.0,0.019,0.091,71129.0,0.015,0.269,87729.0,0.004,0.23600000000000002,190358.0,0.016,0.013000000000000001,36.0,-1.0,-5.0,0.9840000000000001,0.001,0.005
National,2020-10-01,277000.0,0.019,0.099,71823.0,0.01,0.242,81764.0,-0.068,0.197,187877.0,-0.013000000000000001,0.013999999999999999,37.0,0.0,-6.0,0.9840000000000001,0.0,0.006
National,2020-11-01,277000.0,0.001,0.085,61707.0,-0.141,0.23399999999999999,58429.0,-0.28500000000000003,0.182,172176.0,-0.084,0.002,36.0,0.0,-8.0,0.985,0.0,0.006999999999999999
National,2020-12-01,280000.0,0.011000000000000001,0.07,68184.0,0.105,0.263,47833.0,-0.18100000000000002,0.34299999999999997,146505.0,-0.149,-0.025,43.0,6.0,-8.0,0.983,-0.002,0.006999999999999999
National,2021-01-01,276000.0,-0.013000000000000001,0.059000000000000004,50721.0,-0.256,0.204,69101.0,0.445,0.036000000000000004,140997.0,-0.038,-0.092,46.0,3.0,-12.0,0.9820000000000001,-0.001,0.006999999999999999
National,2021-02-01,278000.0,0.006,0.07200000000000001,55876.0,0.102,0.192,69667.0,0.008,-0.011000000000000001,135024.0,-0.042,-0.156,44.0,-2.0,-7.0,0.986,0.004,0.006999999999999999
National,2021-03-01,291000.0,0.047,0.07400000000000001,78884.0,0.41200000000000003,0.39299999999999996,89385.0,0.28300000000000003,0.233,128970.0,-0.045,-0.228,37.0,-7.0,-5.0,0.9920000000000001,0.006,0.009000000000000001
National,2021-04-01,302000.0,0.036000000000000004,0.151,83332.0,0.055999999999999994,0.9400000000000001,92382.0,0.034,0.9720000000000001,129404.0,0.003,-0.225,29.0,-7.0,-5.0,0.998,0.006,0.015
National,2021-05-01,300000.0,-0.004,0.198,80358.0,-0.036000000000000004,1.128,86821.0,-0.06,0.231,126147.0,-0.025,-0.27899999999999997,25.0,-4.0,-16.0,1.004,0.006,0.026000000000000002
National,2021-06-01,304000.0,0.011000000000000001,0.201,88406.0,0.1,0.5870000000000001,91526.0,0.054000000000000006,0.09300000000000001,127571.0,0.011000000000000001,-0.28500000000000003,23.0,-2.0,-20.0,1.0070000000000001,0.003,0.027999999999999997
National,2021-07-01,301000.0,-0.008,0.149,78313.0,-0.114,0.105,86567.0,-0.054000000000000006,-0.065,131686.0,0.032,-0.28600000000000003,22.0,0.0,-16.0,1.0050000000000001,-0.001,0.023
National,2021-08-01,301000.0,0.001,0.131,74889.0,-0.044000000000000004,0.068,77310.0,-0.107,-0.115,123611.0,-0.061,-0.34,24.0,2.0,-13.0,1.003,-0.003,0.019
"Los Angeles, CA",2014-01-01,401000.0,-0.067,0.253,308.0,-0.29,-0.20600000000000002,549.0,0.9470000000000001,0.06,993.0,0.07,0.423,40.0,13.0,16.0,0.997,0.004,-0.002
"Los Angeles, CA",2014-02-01,453000.0,0.13,0.33,319.0,0.036000000000000004,-0.083,528.0,-0.038,0.09300000000000001,994.0,0.001,0.441,37.0,-3.0,17.0,0.9870000000000001,-0.01,-0.016
"Los Angeles, CA",2014-03-01,450000.0,-0.006999999999999999,0.289,402.0,0.26,-0.14300000000000002,631.0,0.195,0.2,1074.0,0.08,0.541,28.0,-9.0,9.0,0.99,0.003,-0.02
"Los Angeles, CA",2014-04-01,439000.0,-0.024,0.156,474.0,0.179,0.044000000000000004,612.0,-0.03,-0.10800000000000001,1086.0,0.011000000000000001,0.341,24.0,-4.0,5.0,0.995,0.005,-0.011000000000000001
"Los Angeles, CA",2014-05-01,443000.0,0.008,0.08800000000000001,457.0,-0.036000000000000004,-0.138,668.0,0.092,0.052000000000000005,1120.0,0.031000000000000003,0.324,25.0,1.0,10.0,0.9920000000000001,-0.003,-0.013000000000000001
"Los Angeles, CA",2014-06-01,430000.0,-0.028999999999999998,0.075,466.0,0.02,-0.011000000000000001,607.0,-0.091,-0.05,1209.0,0.079,0.304,22.0,-3.0,8.0,0.988,-0.004,-0.027999999999999997
"Los Angeles, CA",2014-07-01,451000.0,0.049,0.128,449.0,-0.036000000000000004,-0.146,569.0,-0.063,-0.184,1225.0,0.013000000000000001,0.189,26.0,4.0,8.0,0.988,0.0,-0.021
"Los Angeles, CA",2014-08-01,463000.0,0.025,0.15,472.0,0.051,-0.189,615.0,0.081,-0.11599999999999999,1255.0,0.024,0.145,25.0,-1.0,7.0,0.9870000000000001,-0.001,-0.026000000000000002
"Los Angeles, CA",2014-09-01,451000.0,-0.026000000000000002,0.09300000000000001,434.0,-0.081,-0.028999999999999998,505.0,-0.179,-0.146,1226.0,-0.023,0.035,29.0,4.0,9.0,0.988,0.001,-0.016
"Los Angeles, CA",2014-10-01,470000.0,0.043,0.133,452.0,0.040999999999999995,0.025,580.0,0.149,0.055999999999999994,1232.0,0.005,0.051,35.0,6.0,14.0,0.9870000000000001,-0.001,-0.013999999999999999
"Los Angeles, CA",2014-11-01,455000.0,-0.032,0.138,352.0,-0.22100000000000003,-0.141,386.0,-0.334,0.003,1141.0,-0.07400000000000001,0.063,40.0,5.0,13.0,0.986,-0.001,-0.01
"Los Angeles, CA",2014-12-01,443000.0,-0.027000000000000003,0.028999999999999998,416.0,0.182,-0.040999999999999995,265.0,-0.313,-0.06,948.0,-0.16899999999999998,0.022000000000000002,36.0,-4.0,9.0,0.986,0.0,-0.006999999999999999
"Los Angeles, CA",2015-01-01,453000.0,0.024,0.13,335.0,-0.195,0.08800000000000001,563.0,1.125,0.026000000000000002,1011.0,0.066,0.018000000000000002,48.0,12.0,8.0,0.9820000000000001,-0.004,-0.015
"Los Angeles, CA",2015-02-01,430000.0,-0.051,-0.051,344.0,0.027000000000000003,0.078,558.0,-0.009000000000000001,0.057,1016.0,0.005,0.022000000000000002,35.0,-13.0,-2.0,0.985,0.004,-0.001
"Los Angeles, CA",2015-03-01,469000.0,0.091,0.042,480.0,0.395,0.19399999999999998,606.0,0.086,-0.04,1012.0,-0.004,-0.057999999999999996,25.0,-10.0,-3.0,0.99,0.005,0.0
"Los Angeles, CA",2015-04-01,455000.0,-0.03,0.036000000000000004,514.0,0.071,0.084,615.0,0.015,0.005,1024.0,0.012,-0.057,21.0,-4.0,-3.0,0.993,0.003,-0.002
"Los Angeles, CA",2015-05-01,458000.0,0.006999999999999999,0.034,468.0,-0.08900000000000001,0.024,579.0,-0.059000000000000004,-0.133,972.0,-0.051,-0.132,28.0,7.0,3.0,0.995,0.002,0.003
"Los Angeles, CA",2015-06-01,495000.0,0.079,0.15,538.0,0.15,0.155,660.0,0.14,0.087,1063.0,0.094,-0.121,21.0,-7.0,-1.0,0.997,0.003,0.009000000000000001
"Los Angeles, CA",2015-07-01,465000.0,-0.06,0.031000000000000003,526.0,-0.022000000000000002,0.171,627.0,-0.05,0.102,1128.0,0.061,-0.079,21.0,0.0,-5.0,0.998,0.001,0.01
"Los Angeles, CA",2015-08-01,460000.0,-0.011000000000000001,-0.005,457.0,-0.131,-0.032,581.0,-0.073,-0.055,1076.0,-0.046,-0.14300000000000002,24.0,3.0,-1.0,0.995,-0.003,0.008
"Los Angeles, CA",2015-09-01,465000.0,0.011000000000000001,0.032,493.0,0.079,0.136,565.0,-0.027999999999999997,0.11900000000000001,1090.0,0.013000000000000001,-0.111,28.0,4.0,-1.0,0.995,0.0,0.006999999999999999
"Los Angeles, CA",2015-10-01,471000.0,0.012,0.002,448.0,-0.091,-0.009000000000000001,506.0,-0.10400000000000001,-0.128,1015.0,-0.069,-0.17600000000000002,26.0,-2.0,-9.0,0.991,-0.005,0.004
"Los Angeles, CA",2015-11-01,490000.0,0.040999999999999995,0.077,338.0,-0.24600000000000002,-0.04,376.0,-0.257,-0.026000000000000002,931.0,-0.083,-0.184,29.0,3.0,-11.0,0.9940000000000001,0.003,0.008
"Los Angeles, CA",2015-12-01,490000.0,0.0,0.107,435.0,0.287,0.046,295.0,-0.215,0.113,819.0,-0.12,-0.136,32.0,3.0,-4.0,0.991,-0.003,0.005
"Los Angeles, CA",2016-01-01,470000.0,-0.040999999999999995,0.038,331.0,-0.239,-0.012,524.0,0.7759999999999999,-0.069,955.0,0.166,-0.055,38.0,6.0,-10.0,0.9870000000000001,-0.005,0.005
"Los Angeles, CA",2016-02-01,513000.0,0.09,0.192,292.0,-0.11800000000000001,-0.151,541.0,0.032,-0.03,994.0,0.040999999999999995,-0.022000000000000002,42.0,4.0,7.0,0.9920000000000001,0.005,0.006
"Los Angeles, CA",2016-03-01,487000.0,-0.05,0.038,453.0,0.551,-0.055999999999999994,587.0,0.085,-0.031000000000000003,1013.0,0.019,0.001,31.0,-11.0,6.0,0.998,0.006,0.008
"Los Angeles, CA",2016-04-01,501000.0,0.027999999999999997,0.1,440.0,-0.028999999999999998,-0.14400000000000002,594.0,0.012,-0.034,1034.0,0.021,0.01,26.0,-5.0,5.0,0.9990000000000001,0.002,0.006
"Los Angeles, CA",2016-05-01,508000.0,0.013999999999999999,0.107,471.0,0.07,0.006,656.0,0.10400000000000001,0.133,1111.0,0.07400000000000001,0.14300000000000002,27.0,1.0,-1.0,0.998,-0.002,0.003
"Los Angeles, CA",2016-06-01,515000.0,0.015,0.040999999999999995,526.0,0.11699999999999999,-0.022000000000000002,657.0,0.002,-0.005,1170.0,0.053,0.10099999999999999,28.0,1.0,7.0,0.9990000000000001,0.001,0.002
"Los Angeles, CA",2016-07-01,515000.0,0.0,0.10800000000000001,479.0,-0.08900000000000001,-0.08900000000000001,655.0,-0.003,0.045,1262.0,0.079,0.11900000000000001,27.0,-1.0,6.0,1.0,0.001,0.002
"Los Angeles, CA",2016-08-01,520000.0,0.01,0.13,481.0,0.004,0.053,669.0,0.021,0.151,1307.0,0.036000000000000004,0.215,31.0,4.0,7.0,0.997,-0.002,0.002
"Los Angeles, CA",2016-09-01,499000.0,-0.040999999999999995,0.07200000000000001,501.0,0.042,0.016,641.0,-0.042,0.135,1294.0,-0.01,0.187,38.0,7.0,10.0,0.9940000000000001,-0.004,-0.002
"Los Angeles, CA",2016-10-01,500000.0,0.003,0.062000000000000006,509.0,0.016,0.136,520.0,-0.189,0.027999999999999997,1249.0,-0.035,0.231,38.0,0.0,12.0,0.99,-0.003,0.0
"Los Angeles, CA",2016-11-01,505000.0,0.009000000000000001,0.03,426.0,-0.163,0.26,386.0,-0.258,0.027000000000000003,1155.0,-0.075,0.24100000000000002,44.0,6.0,15.0,0.9920000000000001,0.002,-0.002
"Los Angeles, CA",2016-12-01,486000.0,-0.037000000000000005,-0.008,418.0,-0.019,-0.039,276.0,-0.28500000000000003,-0.064,947.0,-0.18,0.156,48.0,4.0,16.0,0.99,-0.002,-0.002
"Los Angeles, CA",2017-01-01,458000.0,-0.057999999999999996,-0.026000000000000002,319.0,-0.237,-0.036000000000000004,510.0,0.848,-0.027000000000000003,998.0,0.054000000000000006,0.045,43.0,-5.0,5.0,0.9940000000000001,0.004,0.006999999999999999
"Los Angeles, CA",2017-02-01,531000.0,0.158,0.035,362.0,0.135,0.24,464.0,-0.09,-0.142,980.0,-0.018000000000000002,-0.013999999999999999,46.0,3.0,4.0,0.997,0.003,0.005
"Los Angeles, CA",2017-03-01,530000.0,-0.001,0.08800000000000001,502.0,0.387,0.10800000000000001,605.0,0.304,0.031000000000000003,1004.0,0.024,-0.009000000000000001,30.0,-16.0,-1.0,0.996,0.0,-0.001
"Los Angeles, CA",2017-04-01,525000.0,-0.009000000000000001,0.049,463.0,-0.078,0.052000000000000005,594.0,-0.018000000000000002,0.0,1030.0,0.026000000000000002,-0.004,31.0,1.0,5.0,1.002,0.005,0.002
"Los Angeles, CA",2017-05-01,555000.0,0.057,0.094,510.0,0.102,0.083,658.0,0.10800000000000001,0.003,1077.0,0.046,-0.031000000000000003,27.0,-4.0,0.0,1.0050000000000001,0.003,0.006999999999999999
"Los Angeles, CA",2017-06-01,547000.0,-0.013999999999999999,0.063,612.0,0.2,0.163,661.0,0.005,0.006,1118.0,0.038,-0.044000000000000004,23.0,-4.0,-5.0,1.0050000000000001,0.0,0.006
"Los Angeles, CA",2017-07-01,535000.0,-0.022000000000000002,0.039,469.0,-0.23399999999999999,-0.021,579.0,-0.12400000000000001,-0.11599999999999999,1106.0,-0.011000000000000001,-0.12400000000000001,30.0,7.0,3.0,1.004,0.0,0.005
"Los Angeles, CA",2017-08-01,515000.0,-0.037000000000000005,-0.01,562.0,0.198,0.168,578.0,-0.002,-0.136,1049.0,-0.052000000000000005,-0.197,34.0,4.0,3.0,1.0050000000000001,0.0,0.006999999999999999
"Los Angeles, CA",2017-09-01,550000.0,0.068,0.10300000000000001,458.0,-0.185,-0.086,528.0,-0.087,-0.17600000000000002,1010.0,-0.037000000000000005,-0.219,32.0,-2.0,-6.0,1.0,-0.004,0.006999999999999999
"Los Angeles, CA",2017-10-01,530000.0,-0.036000000000000004,0.06,465.0,0.015,-0.086,490.0,-0.07200000000000001,-0.057999999999999996,941.0,-0.068,-0.247,28.0,-4.0,-10.0,1.004,0.004,0.013999999999999999
"Los Angeles, CA",2017-11-01,600000.0,0.132,0.189,463.0,-0.004,0.087,356.0,-0.273,-0.078,823.0,-0.125,-0.287,32.0,4.0,-12.0,1.006,0.002,0.013999999999999999
"Los Angeles, CA",2017-12-01,560000.0,-0.067,0.152,433.0,-0.065,0.036000000000000004,219.0,-0.385,-0.207,620.0,-0.247,-0.34500000000000003,41.0,9.0,-7.0,0.9990000000000001,-0.008,0.009000000000000001
"Los Angeles, CA",2018-01-01,525000.0,-0.063,0.146,317.0,-0.268,-0.006,489.0,1.233,-0.040999999999999995,721.0,0.163,-0.278,39.0,-2.0,-4.0,0.997,-0.002,0.004
"Los Angeles, CA",2018-02-01,562000.0,0.07,0.059000000000000004,283.0,-0.107,-0.218,476.0,-0.027000000000000003,0.026000000000000002,790.0,0.096,-0.19399999999999998,34.0,-5.0,-12.0,1.006,0.009000000000000001,0.009000000000000001
"Los Angeles, CA",2018-03-01,585000.0,0.040999999999999995,0.10400000000000001,450.0,0.59,-0.10400000000000001,540.0,0.134,-0.107,825.0,0.044000000000000004,-0.17800000000000002,27.0,-7.0,-3.0,1.01,0.004,0.013999999999999999
"Los Angeles, CA",2018-04-01,565000.0,-0.034,0.076,411.0,-0.087,-0.11199999999999999,592.0,0.096,-0.003,901.0,0.092,-0.125,28.0,1.0,-3.0,1.013,0.003,0.011000000000000001
"Los Angeles, CA",2018-05-01,563000.0,-0.004,0.013999999999999999,484.0,0.17800000000000002,-0.051,588.0,-0.006999999999999999,-0.106,944.0,0.048,-0.12300000000000001,28.0,0.0,1.0,1.011,-0.001,0.006
"Los Angeles, CA",2018-06-01,585000.0,0.039,0.069,451.0,-0.068,-0.263,575.0,-0.022000000000000002,-0.13,1012.0,0.07200000000000001,-0.095,29.0,1.0,6.0,1.0070000000000001,-0.004,0.003
"Los Angeles, CA",2018-07-01,595000.0,0.017,0.11199999999999999,466.0,0.033,-0.006,618.0,0.075,0.067,1086.0,0.073,-0.018000000000000002,29.0,0.0,-1.0,1.0050000000000001,-0.002,0.001
"Los Angeles, CA",2018-08-01,600000.0,0.008,0.165,472.0,0.013000000000000001,-0.16,552.0,-0.107,-0.045,1109.0,0.021,0.057,30.0,1.0,-4.0,1.004,-0.001,-0.001
"Los Angeles, CA",2018-09-01,553000.0,-0.079,0.005,384.0,-0.18600000000000003,-0.162,567.0,0.027000000000000003,0.07400000000000001,1239.0,0.11699999999999999,0.227,35.0,5.0,3.0,1.002,-0.002,0.001
"Los Angeles, CA",2018-10-01,582000.0,0.053,0.098,369.0,-0.039,-0.20600000000000002,549.0,-0.032,0.12,1285.0,0.037000000000000005,0.36600000000000005,37.0,2.0,9.0,0.998,-0.004,-0.006
"Los Angeles, CA",2018-11-01,580000.0,-0.003,-0.033,371.0,0.005,-0.19899999999999998,437.0,-0.204,0.228,1260.0,-0.019,0.531,36.0,-1.0,4.0,0.9990000000000001,0.001,-0.006999999999999999
"Los Angeles, CA",2018-12-01,562000.0,-0.031000000000000003,0.004,317.0,-0.146,-0.268,215.0,-0.508,-0.018000000000000002,1063.0,-0.156,0.715,45.0,9.0,4.0,0.9920000000000001,-0.008,-0.006999999999999999
"Los Angeles, CA",2019-01-01,575000.0,0.023,0.095,252.0,-0.20500000000000002,-0.20500000000000002,516.0,1.4000000000000001,0.055,1173.0,0.10300000000000001,0.627,54.0,9.0,15.0,0.985,-0.006999999999999999,-0.012
"Los Angeles, CA",2019-02-01,536000.0,-0.068,-0.046,286.0,0.135,0.011000000000000001,455.0,-0.11800000000000001,-0.044000000000000004,1309.0,0.11599999999999999,0.657,57.0,3.0,23.0,0.991,0.006,-0.015
"Los Angeles, CA",2019-03-01,552000.0,0.03,-0.055999999999999994,395.0,0.381,-0.122,542.0,0.19100000000000003,0.004,1371.0,0.047,0.662,57.0,0.0,30.0,0.9890000000000001,-0.002,-0.021
"Los Angeles, CA",2019-04-01,560000.0,0.013999999999999999,-0.009000000000000001,411.0,0.040999999999999995,0.0,556.0,0.026000000000000002,-0.061,1414.0,0.031000000000000003,0.569,53.0,-4.0,25.0,0.993,0.004,-0.02
"Los Angeles, CA",2019-05-01,569000.0,0.016,0.011000000000000001,443.0,0.078,-0.085,601.0,0.081,0.022000000000000002,1458.0,0.031000000000000003,0.544,44.0,-9.0,16.0,0.997,0.004,-0.013999999999999999
"Los Angeles, CA",2019-06-01,576000.0,0.011000000000000001,-0.016,415.0,-0.063,-0.08,549.0,-0.087,-0.045,1484.0,0.018000000000000002,0.466,53.0,9.0,24.0,0.996,-0.001,-0.011000000000000001
"Los Angeles, CA",2019-07-01,568000.0,-0.013000000000000001,-0.045,445.0,0.07200000000000001,-0.045,598.0,0.08900000000000001,-0.032,1528.0,0.03,0.40700000000000003,50.0,-3.0,21.0,0.996,-0.001,-0.01
"Los Angeles, CA",2019-08-01,565000.0,-0.005,-0.059000000000000004,448.0,0.006999999999999999,-0.051,543.0,-0.092,-0.016,1480.0,-0.031000000000000003,0.335,53.0,3.0,23.0,0.9940000000000001,-0.002,-0.01
"Los Angeles, CA",2019-09-01,585000.0,0.036000000000000004,0.059000000000000004,414.0,-0.076,0.078,538.0,-0.009000000000000001,-0.051,1488.0,0.005,0.201,54.0,1.0,19.0,0.9990000000000001,0.005,-0.003
"Los Angeles, CA",2019-10-01,575000.0,-0.017,-0.012,411.0,-0.006999999999999999,0.114,489.0,-0.091,-0.109,1429.0,-0.04,0.11199999999999999,53.0,-1.0,16.0,0.9940000000000001,-0.005,-0.003
"Los Angeles, CA",2019-11-01,549000.0,-0.045,-0.053,351.0,-0.146,-0.054000000000000006,321.0,-0.344,-0.265,1287.0,-0.099,0.021,51.0,-2.0,15.0,0.9940000000000001,-0.001,-0.005
"Los Angeles, CA",2019-12-01,555000.0,0.011000000000000001,-0.012,380.0,0.083,0.19899999999999998,242.0,-0.24600000000000002,0.126,1048.0,-0.18600000000000003,-0.013999999999999999,66.0,15.0,21.0,0.988,-0.006,-0.003
"Los Angeles, CA",2020-01-01,580000.0,0.045,0.009000000000000001,355.0,-0.066,0.409,529.0,1.186,0.025,1114.0,0.063,-0.05,69.0,3.0,15.0,0.988,0.0,0.003
"Los Angeles, CA",2020-02-01,565000.0,-0.026000000000000002,0.054000000000000006,343.0,-0.034,0.19899999999999998,510.0,-0.036000000000000004,0.121,1175.0,0.055,-0.102,60.0,-9.0,3.0,0.993,0.006,0.003
"Los Angeles, CA",2020-03-01,578000.0,0.023,0.047,443.0,0.292,0.122,440.0,-0.13699999999999998,-0.188,1128.0,-0.04,-0.177,47.0,-13.0,-10.0,1.001,0.006999999999999999,0.012
"Los Angeles, CA",2020-04-01,615000.0,0.064,0.098,245.0,-0.44700000000000006,-0.40399999999999997,283.0,-0.35700000000000004,-0.49100000000000005,1112.0,-0.013999999999999999,-0.214,43.0,-4.0,-10.0,0.998,-0.003,0.005
"Los Angeles, CA",2020-05-01,544000.0,-0.115,-0.043,170.0,-0.306,-0.616,492.0,0.7390000000000001,-0.18100000000000002,1313.0,0.18100000000000002,-0.099,51.0,8.0,7.0,0.985,-0.013000000000000001,-0.012
"Los Angeles, CA",2020-06-01,550000.0,0.01,-0.044000000000000004,278.0,0.635,-0.33,641.0,0.303,0.168,1540.0,0.17300000000000001,0.038,53.0,2.0,0.0,0.9920000000000001,0.006999999999999999,-0.004
"Los Angeles, CA",2020-07-01,585000.0,0.064,0.03,399.0,0.435,-0.10300000000000001,734.0,0.145,0.227,1710.0,0.11,0.11900000000000001,45.0,-8.0,-5.0,0.997,0.004,0.001
"Los Angeles, CA",2020-08-01,600000.0,0.026000000000000002,0.062000000000000006,472.0,0.18300000000000002,0.054000000000000006,738.0,0.005,0.359,1803.0,0.054000000000000006,0.218,50.0,5.0,-3.0,0.991,-0.006,-0.003
"Los Angeles, CA",2020-09-01,600000.0,0.0,0.026000000000000002,500.0,0.059000000000000004,0.20800000000000002,759.0,0.027999999999999997,0.41100000000000003,1936.0,0.07400000000000001,0.30100000000000005,48.0,-2.0,-6.0,0.996,0.005,-0.003
"Los Angeles, CA",2020-10-01,576000.0,-0.040999999999999995,0.001,476.0,-0.048,0.158,726.0,-0.043,0.485,2017.0,0.042,0.41100000000000003,50.0,2.0,-3.0,0.998,0.003,0.004
"Los Angeles, CA",2020-11-01,556000.0,-0.035,0.012,414.0,-0.13,0.179,480.0,-0.33899999999999997,0.495,1861.0,-0.077,0.446,53.0,3.0,2.0,0.996,-0.002,0.002
"Los Angeles, CA",2020-12-01,605000.0,0.08900000000000001,0.09,474.0,0.145,0.247,388.0,-0.192,0.603,1561.0,-0.161,0.49,59.0,6.0,-7.0,0.993,-0.003,0.005
"Los Angeles, CA",2021-01-01,575000.0,-0.05,-0.009000000000000001,405.0,-0.146,0.141,565.0,0.456,0.068,1563.0,0.001,0.40299999999999997,61.0,2.0,-8.0,0.9940000000000001,0.001,0.006
"Los Angeles, CA",2021-02-01,590000.0,0.026000000000000002,0.044000000000000004,431.0,0.064,0.257,661.0,0.17,0.29600000000000004,1589.0,0.017,0.35200000000000004,66.0,5.0,6.0,0.9940000000000001,0.0,0.001
"Los Angeles, CA",2021-03-01,612000.0,0.037000000000000005,0.059000000000000004,633.0,0.469,0.429,741.0,0.121,0.684,1566.0,-0.013999999999999999,0.38799999999999996,49.0,-17.0,2.0,1.004,0.009000000000000001,0.003
"Los Angeles, CA",2021-04-01,632000.0,0.033,0.027999999999999997,644.0,0.017,1.629,717.0,-0.032,1.534,1540.0,-0.017,0.385,42.0,-7.0,-1.0,1.011,0.006999999999999999,0.013000000000000001
"Los Angeles, CA",2021-05-01,638000.0,0.009000000000000001,0.172,576.0,-0.106,2.3880000000000003,754.0,0.052000000000000005,0.533,1613.0,0.047,0.228,44.0,2.0,-7.0,1.0090000000000001,-0.002,0.024
"Los Angeles, CA",2021-06-01,636000.0,-0.003,0.156,634.0,0.10099999999999999,1.281,763.0,0.012,0.19,1603.0,-0.006,0.040999999999999995,42.0,-2.0,-11.0,1.013,0.004,0.02
"Los Angeles, CA",2021-07-01,637000.0,0.002,0.08900000000000001,605.0,-0.046,0.516,739.0,-0.031000000000000003,0.006999999999999999,1593.0,-0.006,-0.068,42.0,0.0,-3.0,1.016,0.004,0.02
"Los Angeles, CA",2021-08-01,625000.0,-0.019,0.042,586.0,-0.031000000000000003,0.242,631.0,-0.146,-0.145,1457.0,-0.085,-0.192,43.0,1.0,-7.0,1.012,-0.005,0.021
"Los Angeles, CA - Bel Air",2014-06-01,365000.0,,-0.402,1.0,,-0.667,,,,1.0,,-0.5,289.0,,262.0,0.948,,-0.04
"Los Angeles, CA - Bel Air",2014-07-01,365000.0,0.0,,1.0,0.0,,2.0,,,2.0,1.0,,289.0,0.0,,0.948,0.0,
"Los Angeles, CA - Bel Air",2014-08-01,365000.0,0.0,,1.0,0.0,,3.0,0.5,,2.0,0.0,,289.0,0.0,,0.948,0.0,
"Los Angeles, CA - Bel Air",2014-09-01,550000.0,0.507,-0.075,1.0,0.0,0.0,5.0,0.667,1.5,3.0,0.5,0.5,22.0,-267.0,-80.0,0.9570000000000001,0.008,-0.035
"Los Angeles, CA - Bel Air",2014-10-01,550000.0,0.0,-0.075,1.0,0.0,0.0,4.0,-0.2,1.0,4.0,0.33299999999999996,1.0,22.0,0.0,-80.0,0.9570000000000001,0.0,-0.035
"Los Angeles, CA - Bel Air",2014-11-01,623000.0,0.132,0.047,2.0,1.0,1.0,3.0,-0.25,0.5,3.0,-0.25,0.5,52.0,30.0,-51.0,0.978,0.022000000000000002,-0.013000000000000001
"Los Angeles, CA - Bel Air",2014-12-01,695000.0,0.11599999999999999,,1.0,-0.5,,2.0,-0.33299999999999996,,4.0,0.33299999999999996,,81.0,30.0,,1.0,0.022000000000000002,
"Los Angeles, CA - Bel Air",2015-01-01,621000.0,-0.106,,2.0,1.0,,1.0,-0.5,,3.0,-0.25,,110.0,29.0,,0.976,-0.024,
"Los Angeles, CA - Bel Air",2015-02-01,547000.0,-0.11900000000000001,,1.0,-0.5,,3.0,2.0,,3.0,0.0,,139.0,29.0,,0.951,-0.024,
"Los Angeles, CA - Bel Air",2015-03-01,649000.0,0.18600000000000003,,2.0,1.0,,2.0,-0.33299999999999996,,2.0,-0.33299999999999996,,145.0,6.0,,0.9470000000000001,-0.004,
"Los Angeles, CA - Bel Air",2015-04-01,750000.0,0.157,,1.0,-0.5,,3.0,0.5,,3.0,0.5,,151.0,6.0,,0.943,-0.004,
"Los Angeles, CA - Bel Air",2015-05-01,615000.0,-0.18,,2.0,1.0,,2.0,-0.33299999999999996,,4.0,0.33299999999999996,,89.0,-62.0,,0.9570000000000001,0.013000000000000001,
"Los Angeles, CA - Bel Air",2015-06-01,480000.0,-0.22,0.315,1.0,-0.5,0.0,4.0,1.0,,4.0,0.0,3.0,27.0,-62.0,-262.0,0.97,0.013000000000000001,0.022000000000000002
"Los Angeles, CA - Bel Air",2015-07-01,574000.0,0.195,0.5720000000000001,4.0,3.0,3.0,3.0,-0.25,0.5,2.0,-0.5,0.0,93.0,66.0,-196.0,0.9840000000000001,0.013999999999999999,0.035
"Los Angeles, CA - Bel Air",2015-08-01,637000.0,0.109,0.7440000000000001,4.0,0.0,3.0,2.0,-0.33299999999999996,-0.33299999999999996,1.0,-0.5,-0.5,93.0,0.0,-196.0,0.988,0.005,0.04
"Los Angeles, CA - Bel Air",2015-09-01,637000.0,0.0,0.157,4.0,0.0,3.0,,,,1.0,0.0,-0.667,93.0,0.0,71.0,0.988,0.0,0.032
"Los Angeles, CA - Bel Air",2015-10-01,625000.0,-0.018000000000000002,0.136,2.0,-0.5,1.0,1.0,,-0.75,2.0,1.0,-0.5,54.0,-39.0,32.0,0.9840000000000001,-0.004,0.027000000000000003
"Los Angeles, CA - Bel Air",2015-11-01,430000.0,-0.312,-0.309,1.0,-0.5,-0.5,1.0,0.0,-0.667,2.0,0.0,-0.33299999999999996,82.0,28.0,31.0,0.9790000000000001,-0.004,0.001
"Los Angeles, CA - Bel Air",2015-12-01,430000.0,0.0,-0.381,1.0,0.0,0.0,1.0,0.0,-0.5,2.0,0.0,-0.5,82.0,0.0,1.0,0.9790000000000001,0.0,-0.021
"Los Angeles, CA - Bel Air",2016-04-01,635000.0,,-0.153,2.0,,1.0,3.0,,0.0,1.0,,-0.667,98.0,,-54.0,0.96,,0.017
"Los Angeles, CA - Bel Air",2016-05-01,690000.0,0.087,0.122,5.0,1.5,1.5,3.0,0.0,0.5,1.0,0.0,-0.75,84.0,-14.0,-5.0,0.963,0.002,0.006
"Los Angeles, CA - Bel Air",2016-06-01,683000.0,-0.011000000000000001,0.42200000000000004,6.0,0.2,5.0,3.0,0.0,-0.25,,,,54.0,-30.0,27.0,0.99,0.027000000000000003,0.02
"Los Angeles, CA - Bel Air",2016-07-01,895000.0,0.311,0.56,5.0,-0.167,0.25,1.0,-0.667,-0.667,,,,67.0,13.0,-26.0,1.004,0.013999999999999999,0.02
"Los Angeles, CA - Bel Air",2016-08-01,785000.0,-0.12300000000000001,0.233,2.0,-0.6,-0.5,,,,,,,38.0,-30.0,-56.0,1.063,0.06,0.075
"Los Angeles, CA - Bel Air",2016-09-01,895000.0,0.14,0.406,1.0,-0.5,-0.75,3.0,,,2.0,,1.0,67.0,30.0,-26.0,1.0,-0.063,0.012
"Los Angeles, CA - Bel Air",2016-10-01,730000.0,-0.184,0.168,1.0,0.0,-0.5,3.0,0.0,2.0,2.0,0.0,0.0,,,,1.044,0.044000000000000004,0.061
"Los Angeles, CA - Bel Air",2016-11-01,730000.0,0.0,0.698,1.0,0.0,0.0,3.0,0.0,2.0,1.0,-0.5,-0.5,,,,1.044,0.0,0.065
"Los Angeles, CA - Bel Air",2016-12-01,705000.0,-0.034,0.64,2.0,1.0,1.0,,,,,,,45.0,,-37.0,1.008,-0.036000000000000004,0.027999999999999997
"Los Angeles, CA - Bel Air",2017-01-01,715000.0,0.013999999999999999,,2.0,0.0,,,,,,,,68.0,23.0,,0.986,-0.022000000000000002,
"Los Angeles, CA - Bel Air",2017-02-01,715000.0,0.0,,2.0,0.0,,,,,,,,68.0,0.0,,0.986,0.0,
"Los Angeles, CA - Bel Air",2017-03-01,750000.0,0.049,,1.0,-0.5,,,,,,,,91.0,23.0,,1.0,0.013999999999999999,
"Los Angeles, CA - Bel Air",2017-07-01,538000.0,,-0.399,1.0,,-0.8,1.0,,0.0,,,,21.0,,-46.0,0.978,,-0.026000000000000002
"Los Angeles, CA - Bel Air",2017-08-01,538000.0,0.0,-0.315,1.0,0.0,-0.5,1.0,0.0,,,,,21.0,0.0,-17.0,0.978,0.0,-0.085
"Los Angeles, CA - Bel Air",2017-09-01,538000.0,0.0,-0.399,1.0,0.0,0.0,,,,,,,21.0,0.0,-46.0,0.978,0.0,-0.022000000000000002
"Los Angeles, CA - Bel Air",2018-03-01,890000.0,,0.18600000000000003,2.0,,1.0,3.0,,,1.0,,,23.0,,-69.0,0.946,,-0.054000000000000006
"Los Angeles, CA - Bel Air",2018-04-01,830000.0,-0.067,,3.0,0.5,,2.0,-0.33299999999999996,,,,,27.0,5.0,,0.9640000000000001,0.019,
"Los Angeles, CA - Bel Air",2018-05-01,830000.0,0.0,,3.0,0.0,,,,,,,,27.0,0.0,,0.9640000000000001,0.0,
"Los Angeles, CA - Bel Air",2018-06-01,751000.0,-0.095,,1.0,-0.667,,2.0,,,1.0,,,51.0,24.0,,1.001,0.037000000000000005,
"Los Angeles, CA - Bel Air",2018-08-01,615000.0,,0.14300000000000002,1.0,,0.0,4.0,,3.0,1.0,,,14.0,,-7.0,0.946,,-0.032
"Los Angeles, CA - Bel Air",2018-09-01,615000.0,0.0,0.14300000000000002,1.0,0.0,0.0,3.0,-0.25,,2.0,1.0,,14.0,0.0,-7.0,0.946,0.0,-0.032
"Los Angeles, CA - Bel Air",2018-10-01,754000.0,0.226,,2.0,1.0,,2.0,-0.33299999999999996,,2.0,0.0,,25.0,11.0,,0.97,0.024,
"Los Angeles, CA - Bel Air",2018-11-01,893000.0,0.184,,1.0,-0.5,,1.0,-0.5,,2.0,0.0,,35.0,11.0,,0.993,0.024,
"Los Angeles, CA - Bel Air",2018-12-01,807000.0,-0.09699999999999999,,2.0,1.0,,,,,1.0,-0.5,,105.0,70.0,,0.983,-0.01,
"Los Angeles, CA - Bel Air",2019-01-01,720000.0,-0.107,,1.0,-0.5,,,,,,,,174.0,70.0,,0.973,-0.01,
"Los Angeles, CA - Bel Air",2019-02-01,720000.0,0.0,,1.0,0.0,,1.0,,,1.0,,,174.0,0.0,,0.973,0.0,
"Los Angeles, CA - Bel Air",2019-06-01,1010000.0,,0.34500000000000003,1.0,,0.0,1.0,,-0.5,1.0,,0.0,49.0,,-2.0,1.011,,0.01
"Los Angeles, CA - Bel Air",2019-07-01,1010000.0,0.0,,1.0,0.0,,1.0,0.0,,2.0,1.0,,49.0,0.0,,1.011,0.0,
"Los Angeles, CA - Bel Air",2019-08-01,1010000.0,0.0,0.642,1.0,0.0,0.0,1.0,0.0,-0.75,2.0,0.0,1.0,49.0,0.0,35.0,1.011,0.0,0.065
"Los Angeles, CA - Bel Air",2019-12-01,1282000.0,,0.59,1.0,,-0.5,3.0,,,3.0,,2.0,72.0,,-33.0,0.9870000000000001,,0.004
"Los Angeles, CA - Bel Air",2020-01-01,904000.0,-0.295,0.255,2.0,1.0,1.0,1.0,-0.667,,2.0,-0.33299999999999996,,126.0,54.0,-48.0,0.98,-0.006999999999999999,0.006
"Los Angeles, CA - Bel Air",2020-02-01,904000.0,0.0,0.255,2.0,0.0,1.0,,,,1.0,-0.5,0.0,126.0,0.0,-48.0,0.98,0.0,0.006
"Los Angeles, CA - Bel Air",2020-03-01,685000.0,-0.242,,2.0,0.0,,2.0,,,2.0,1.0,,155.0,29.0,,0.983,0.004,
"Los Angeles, CA - Bel Air",2020-04-01,844000.0,0.233,,1.0,-0.5,,4.0,1.0,,4.0,1.0,,130.0,-25.0,,0.9940000000000001,0.011000000000000001,
"Los Angeles, CA - Bel Air",2020-05-01,844000.0,0.0,,1.0,0.0,,4.0,0.0,,3.0,-0.25,,130.0,0.0,,0.9940000000000001,0.0,
"Los Angeles, CA - Bel Air",2020-07-01,820000.0,,-0.188,1.0,,0.0,2.0,,1.0,3.0,,0.5,70.0,,21.0,0.9820000000000001,,-0.028999999999999998
"Los Angeles, CA - Bel Air",2020-08-01,820000.0,0.0,-0.188,1.0,0.0,0.0,4.0,1.0,3.0,4.0,0.33299999999999996,1.0,70.0,0.0,21.0,0.9820000000000001,0.0,-0.028999999999999998
"Los Angeles, CA - Bel Air",2020-09-01,820000.0,0.0,,1.0,0.0,,2.0,-0.5,,4.0,0.0,,70.0,0.0,,0.9820000000000001,0.0,
"Los Angeles, CA - Bel Air",2020-12-01,1265000.0,,-0.013000000000000001,1.0,,0.0,2.0,,-0.33299999999999996,2.0,,-0.33299999999999996,37.0,,-35.0,0.997,,0.01
"Los Angeles, CA - Bel Air",2021-01-01,1265000.0,0.0,0.4,1.0,0.0,-0.5,,,,2.0,0.0,0.0,37.0,0.0,-89.0,0.997,0.0,0.017
"Los Angeles, CA - Bel Air",2021-02-01,1265000.0,0.0,0.4,1.0,0.0,-0.5,2.0,,,4.0,1.0,3.0,37.0,0.0,-89.0,0.997,0.0,0.017
"Los Angeles, CA - Bel Air",2021-04-01,1075000.0,,0.27399999999999997,3.0,,2.0,9.0,,1.25,5.0,,0.25,31.0,,-99.0,1.042,,0.048
"Los Angeles, CA - Bel Air",2021-05-01,849000.0,-0.21,0.006,5.0,0.667,4.0,7.0,-0.222,0.75,4.0,-0.2,0.33299999999999996,31.0,0.0,-99.0,1.025,-0.017,0.031000000000000003
"Los Angeles, CA - Bel Air",2021-06-01,925000.0,0.09,,7.0,0.4,,8.0,0.14300000000000002,,6.0,0.5,,31.0,0.0,,1.021,-0.004,
"Los Angeles, CA - Bel Air",2021-07-01,920000.0,-0.005,0.122,6.0,-0.14300000000000002,5.0,3.0,-0.625,0.5,2.0,-0.667,-0.33299999999999996,43.0,12.0,-27.0,1.0050000000000001,-0.016,0.023
"Los Angeles, CA - Bel Air",2021-08-01,950000.0,0.033,0.159,6.0,0.0,5.0,5.0,0.667,0.25,2.0,0.0,-0.5,49.0,6.0,-22.0,1.006,0.001,0.024
"Los Angeles, CA - Brentwood",2014-01-01,695000.0,0.071,0.015,40.0,-0.07,0.081,42.0,0.05,-0.17600000000000002,26.0,-0.133,-0.297,27.0,3.0,7.0,0.9920000000000001,0.0,-0.002
"Los Angeles, CA - Brentwood",2014-02-01,700000.0,0.006999999999999999,-0.08199999999999999,41.0,0.025,0.171,51.0,0.214,-0.055999999999999994,35.0,0.34600000000000003,0.061,26.0,-1.0,-3.0,1.0050000000000001,0.012,0.021
"Los Angeles, CA - Brentwood",2014-03-01,738000.0,0.054000000000000006,-0.015,35.0,-0.146,-0.255,73.0,0.43100000000000005,0.40399999999999997,43.0,0.22899999999999998,0.303,34.0,8.0,6.0,1.002,-0.003,0.006
"Los Angeles, CA - Brentwood",2014-04-01,747000.0,0.012,0.135,43.0,0.22899999999999998,-0.189,78.0,0.068,0.34500000000000003,41.0,-0.047,0.171,21.0,-13.0,-7.0,1.002,0.0,0.001
"Los Angeles, CA - Brentwood",2014-05-01,726000.0,-0.027999999999999997,0.126,52.0,0.209,-0.188,80.0,0.026000000000000002,0.053,40.0,-0.024,0.0,20.0,-1.0,-5.0,0.991,-0.011000000000000001,-0.017
"Los Angeles, CA - Brentwood",2014-06-01,638000.0,-0.122,-0.033,54.0,0.038,-0.156,74.0,-0.075,-0.013000000000000001,47.0,0.17500000000000002,0.424,21.0,1.0,0.0,0.985,-0.005,-0.023
"Los Angeles, CA - Brentwood",2014-07-01,638000.0,0.0,-0.055999999999999994,48.0,-0.111,-0.262,84.0,0.135,0.2,52.0,0.106,0.444,27.0,7.0,9.0,0.9820000000000001,-0.004,-0.027000000000000003
"Los Angeles, CA - Brentwood",2014-08-01,720000.0,0.129,0.032,60.0,0.25,0.0,90.0,0.071,0.47500000000000003,54.0,0.038,0.688,22.0,-5.0,4.0,0.9890000000000001,0.008,-0.02
"Los Angeles, CA - Brentwood",2014-09-01,764000.0,0.061,0.145,68.0,0.133,0.172,78.0,-0.133,0.27899999999999997,50.0,-0.07400000000000001,0.316,22.0,0.0,3.0,0.9920000000000001,0.003,-0.017
"Los Angeles, CA - Brentwood",2014-10-01,772000.0,0.01,0.14300000000000002,76.0,0.11800000000000001,0.551,66.0,-0.154,0.222,48.0,-0.04,0.33299999999999996,19.0,-3.0,0.0,0.993,0.001,-0.016
"Los Angeles, CA - Brentwood",2014-11-01,745000.0,-0.035,0.155,59.0,-0.22399999999999998,0.513,42.0,-0.364,-0.087,38.0,-0.20800000000000002,0.11800000000000001,25.0,6.0,1.0,0.9940000000000001,0.0,-0.002
"Los Angeles, CA - Brentwood",2014-12-01,696000.0,-0.066,0.07200000000000001,46.0,-0.22,0.07,42.0,0.0,0.05,27.0,-0.289,-0.1,25.0,0.0,1.0,1.003,0.009000000000000001,0.011000000000000001
"Los Angeles, CA - Brentwood",2015-01-01,655000.0,-0.059000000000000004,-0.057999999999999996,45.0,-0.022000000000000002,0.125,40.0,-0.048,-0.048,33.0,0.222,0.269,37.0,12.0,10.0,1.004,0.001,0.012
"Los Angeles, CA - Brentwood",2015-02-01,629000.0,-0.04,-0.10099999999999999,41.0,-0.08900000000000001,0.0,45.0,0.125,-0.11800000000000001,27.0,-0.182,-0.22899999999999998,44.0,7.0,18.0,0.995,-0.009000000000000001,-0.01
"Los Angeles, CA - Brentwood",2015-03-01,735000.0,0.168,-0.005,41.0,0.0,0.171,58.0,0.289,-0.20500000000000002,32.0,0.185,-0.256,44.0,0.0,10.0,0.995,0.0,-0.006999999999999999
"Los Angeles, CA - Brentwood",2015-04-01,789000.0,0.07400000000000001,0.055999999999999994,47.0,0.146,0.09300000000000001,62.0,0.069,-0.20500000000000002,31.0,-0.031000000000000003,-0.244,19.0,-25.0,-2.0,1.002,0.006999999999999999,0.0
"Los Angeles, CA - Brentwood",2015-05-01,825000.0,0.046,0.136,50.0,0.064,-0.038,76.0,0.226,-0.05,33.0,0.065,-0.17500000000000002,20.0,1.0,0.0,1.008,0.006,0.018000000000000002
"Los Angeles, CA - Brentwood",2015-06-01,785000.0,-0.049,0.231,64.0,0.28,0.185,79.0,0.039,0.068,40.0,0.212,-0.149,19.0,-2.0,-2.0,1.011,0.003,0.026000000000000002
"Los Angeles, CA - Brentwood",2015-07-01,784000.0,-0.001,0.22899999999999998,68.0,0.063,0.41700000000000004,72.0,-0.08900000000000001,-0.14300000000000002,37.0,-0.075,-0.28800000000000003,17.0,-2.0,-10.0,1.01,-0.001,0.027999999999999997
"Los Angeles, CA - Brentwood",2015-08-01,770000.0,-0.018000000000000002,0.069,64.0,-0.059000000000000004,0.067,74.0,0.027999999999999997,-0.17800000000000002,49.0,0.324,-0.09300000000000001,18.0,1.0,-4.0,1.014,0.004,0.025
"Los Angeles, CA - Brentwood",2015-09-01,700000.0,-0.092,-0.084,56.0,-0.125,-0.17600000000000002,74.0,0.0,-0.051,46.0,-0.061,-0.08,23.0,5.0,1.0,1.0070000000000001,-0.006,0.015
"Los Angeles, CA - Brentwood",2015-10-01,709000.0,0.013000000000000001,-0.08199999999999999,54.0,-0.036000000000000004,-0.289,76.0,0.027000000000000003,0.152,41.0,-0.109,-0.146,21.0,-2.0,2.0,1.01,0.003,0.017
"Los Angeles, CA - Brentwood",2015-11-01,723000.0,0.02,-0.03,58.0,0.07400000000000001,-0.017,67.0,-0.11800000000000001,0.595,42.0,0.024,0.105,22.0,1.0,-3.0,1.003,-0.006999999999999999,0.009000000000000001
"Los Angeles, CA - Brentwood",2015-12-01,767000.0,0.062000000000000006,0.102,55.0,-0.052000000000000005,0.196,51.0,-0.239,0.214,35.0,-0.167,0.29600000000000004,18.0,-4.0,-7.0,1.001,-0.001,-0.002
"Los Angeles, CA - Brentwood",2016-01-01,833000.0,0.085,0.271,53.0,-0.036000000000000004,0.17800000000000002,54.0,0.059000000000000004,0.35000000000000003,34.0,-0.028999999999999998,0.03,27.0,9.0,-10.0,0.988,-0.013999999999999999,-0.016
"Los Angeles, CA - Brentwood",2016-02-01,900000.0,0.081,0.43100000000000005,57.0,0.075,0.39,48.0,-0.111,0.067,29.0,-0.147,0.07400000000000001,27.0,0.0,-17.0,0.9920000000000001,0.004,-0.004
"Los Angeles, CA - Brentwood",2016-03-01,928000.0,0.031000000000000003,0.263,56.0,-0.018000000000000002,0.36600000000000005,53.0,0.10400000000000001,-0.086,24.0,-0.172,-0.25,36.0,9.0,-8.0,0.995,0.003,0.0
"Los Angeles, CA - Brentwood",2016-04-01,887000.0,-0.044000000000000004,0.12400000000000001,53.0,-0.054000000000000006,0.128,49.0,-0.075,-0.21,22.0,-0.083,-0.29,36.0,0.0,17.0,1.003,0.008,0.001
"Los Angeles, CA - Brentwood",2016-05-01,848000.0,-0.044000000000000004,0.027000000000000003,57.0,0.075,0.14,51.0,0.040999999999999995,-0.329,21.0,-0.045,-0.364,34.0,-2.0,14.0,1.006,0.003,-0.002
"Los Angeles, CA - Brentwood",2016-06-01,835000.0,-0.015,0.064,56.0,-0.018000000000000002,-0.125,59.0,0.157,-0.253,32.0,0.524,-0.2,27.0,-8.0,8.0,1.006,0.0,-0.005
"Los Angeles, CA - Brentwood",2016-07-01,827000.0,-0.01,0.055,53.0,-0.054000000000000006,-0.22100000000000003,74.0,0.254,0.027999999999999997,38.0,0.188,0.027000000000000003,21.0,-6.0,4.0,1.0090000000000001,0.002,-0.001
"Los Angeles, CA - Brentwood",2016-08-01,800000.0,-0.032,0.039,51.0,-0.038,-0.203,84.0,0.135,0.135,43.0,0.132,-0.122,17.0,-4.0,-1.0,1.02,0.012,0.006999999999999999
"Los Angeles, CA - Brentwood",2016-09-01,795000.0,-0.006,0.13699999999999998,59.0,0.157,0.054000000000000006,77.0,-0.083,0.040999999999999995,34.0,-0.209,-0.261,17.0,0.0,-6.0,1.0150000000000001,-0.005,0.008
"Los Angeles, CA - Brentwood",2016-10-01,745000.0,-0.063,0.052000000000000005,60.0,0.017,0.111,59.0,-0.23399999999999999,-0.22399999999999998,30.0,-0.11800000000000001,-0.268,18.0,1.0,-3.0,1.01,-0.005,0.0
"Los Angeles, CA - Brentwood",2016-11-01,783000.0,0.05,0.083,56.0,-0.067,-0.034,40.0,-0.322,-0.40299999999999997,17.0,-0.433,-0.595,25.0,7.0,3.0,0.993,-0.017,-0.01
"Los Angeles, CA - Brentwood",2016-12-01,766000.0,-0.022000000000000002,-0.002,44.0,-0.214,-0.2,26.0,-0.35000000000000003,-0.49,9.0,-0.47100000000000003,-0.743,26.0,1.0,8.0,0.9890000000000001,-0.004,-0.012
"Los Angeles, CA - Brentwood",2017-01-01,836000.0,0.091,0.004,33.0,-0.25,-0.37700000000000006,34.0,0.308,-0.37,14.0,0.556,-0.588,27.0,1.0,0.0,0.991,0.002,0.003
"Los Angeles, CA - Brentwood",2017-02-01,876000.0,0.048,-0.027000000000000003,31.0,-0.061,-0.456,47.0,0.38200000000000006,-0.021,25.0,0.7859999999999999,-0.138,15.0,-12.0,-12.0,1.003,0.012,0.012
"Los Angeles, CA - Brentwood",2017-03-01,871000.0,-0.006,-0.061,34.0,0.09699999999999999,-0.39299999999999996,64.0,0.36200000000000004,0.20800000000000002,31.0,0.24,0.292,15.0,0.0,-21.0,1.0150000000000001,0.012,0.02
"Los Angeles, CA - Brentwood",2017-04-01,860000.0,-0.012,-0.03,40.0,0.17600000000000002,-0.245,57.0,-0.109,0.163,27.0,-0.129,0.227,15.0,0.0,-21.0,1.026,0.011000000000000001,0.024
"Los Angeles, CA - Brentwood",2017-05-01,890000.0,0.035,0.05,47.0,0.17500000000000002,-0.17500000000000002,53.0,-0.07,0.039,20.0,-0.259,-0.048,18.0,3.0,-16.0,1.023,-0.004,0.016
"Los Angeles, CA - Brentwood",2017-06-01,950000.0,0.068,0.138,52.0,0.106,-0.071,52.0,-0.019,-0.11900000000000001,23.0,0.15,-0.281,19.0,1.0,-8.0,1.0190000000000001,-0.004,0.012
"Los Angeles, CA - Brentwood",2017-07-01,989000.0,0.040999999999999995,0.197,55.0,0.057999999999999996,0.038,53.0,0.019,-0.284,24.0,0.043,-0.368,17.0,-2.0,-4.0,1.012,-0.006999999999999999,0.003
"Los Angeles, CA - Brentwood",2017-08-01,930000.0,-0.06,0.163,47.0,-0.145,-0.078,53.0,0.0,-0.369,21.0,-0.125,-0.512,17.0,-1.0,-1.0,1.018,0.006,-0.003
"Los Angeles, CA - Brentwood",2017-09-01,900000.0,-0.032,0.132,45.0,-0.043,-0.237,52.0,-0.019,-0.325,23.0,0.095,-0.324,23.0,7.0,6.0,1.011,-0.006999999999999999,-0.004
"Los Angeles, CA - Brentwood",2017-10-01,920000.0,0.022000000000000002,0.23500000000000001,48.0,0.067,-0.2,57.0,0.096,-0.034,19.0,-0.174,-0.36700000000000005,25.0,2.0,7.0,1.012,0.001,0.002
"Los Angeles, CA - Brentwood",2017-11-01,844000.0,-0.083,0.079,50.0,0.042,-0.107,51.0,-0.105,0.275,15.0,-0.21100000000000002,-0.11800000000000001,25.0,0.0,0.0,1.008,-0.003,0.015
"Los Angeles, CA - Brentwood",2017-12-01,895000.0,0.06,0.16899999999999998,51.0,0.02,0.159,35.0,-0.314,0.34600000000000003,13.0,-0.133,0.444,19.0,-7.0,-8.0,1.012,0.004,0.023
"Los Angeles, CA - Brentwood",2018-01-01,836000.0,-0.066,0.001,41.0,-0.196,0.242,24.0,-0.314,-0.294,14.0,0.077,0.0,17.0,-2.0,-11.0,1.012,0.0,0.021
"Los Angeles, CA - Brentwood",2018-02-01,1000000.0,0.196,0.142,35.0,-0.146,0.129,29.0,0.20800000000000002,-0.383,20.0,0.429,-0.2,23.0,7.0,8.0,1.0090000000000001,-0.003,0.005
"Los Angeles, CA - Brentwood",2018-03-01,824000.0,-0.177,-0.054000000000000006,26.0,-0.257,-0.23500000000000001,44.0,0.517,-0.313,20.0,0.0,-0.355,18.0,-5.0,3.0,1.023,0.013999999999999999,0.008
"Los Angeles, CA - Brentwood",2018-04-01,950000.0,0.153,0.10400000000000001,30.0,0.154,-0.25,59.0,0.341,0.035,31.0,0.55,0.14800000000000002,15.0,-4.0,-1.0,1.032,0.009000000000000001,0.005
"Los Angeles, CA - Brentwood",2018-05-01,924000.0,-0.027000000000000003,0.038,37.0,0.233,-0.21300000000000002,61.0,0.034,0.151,27.0,-0.129,0.35000000000000003,14.0,-1.0,-4.0,1.032,0.0,0.009000000000000001
"Los Angeles, CA - Brentwood",2018-06-01,953000.0,0.031000000000000003,0.003,43.0,0.162,-0.17300000000000001,57.0,-0.066,0.096,26.0,-0.037000000000000005,0.13,14.0,0.0,-5.0,1.021,-0.01,0.003
"Los Angeles, CA - Brentwood",2018-07-01,1000000.0,0.049,0.011000000000000001,51.0,0.18600000000000003,-0.073,53.0,-0.07,0.0,28.0,0.077,0.167,19.0,5.0,2.0,1.0170000000000001,-0.004,0.005
"Los Angeles, CA - Brentwood",2018-08-01,1054000.0,0.054000000000000006,0.134,54.0,0.059000000000000004,0.149,47.0,-0.113,-0.113,22.0,-0.214,0.048,21.0,3.0,5.0,1.024,0.006999999999999999,0.006999999999999999
"Los Angeles, CA - Brentwood",2018-09-01,1088000.0,0.032,0.209,52.0,-0.037000000000000005,0.156,51.0,0.085,-0.019,27.0,0.227,0.174,23.0,2.0,0.0,1.022,-0.002,0.011000000000000001
"Los Angeles, CA - Brentwood",2018-10-01,1076000.0,-0.011000000000000001,0.17,37.0,-0.28800000000000003,-0.22899999999999998,47.0,-0.078,-0.17500000000000002,29.0,0.07400000000000001,0.526,25.0,2.0,-1.0,1.018,-0.004,0.006999999999999999
"Los Angeles, CA - Brentwood",2018-11-01,1042000.0,-0.032,0.23500000000000001,34.0,-0.081,-0.32,56.0,0.19100000000000003,0.098,31.0,0.069,1.067,30.0,5.0,5.0,1.003,-0.015,-0.005
"Los Angeles, CA - Brentwood",2018-12-01,1030000.0,-0.012,0.15,38.0,0.11800000000000001,-0.255,42.0,-0.25,0.2,23.0,-0.258,0.7690000000000001,31.0,1.0,12.0,1.001,-0.002,-0.011000000000000001
"Los Angeles, CA - Brentwood",2019-01-01,940000.0,-0.087,0.12400000000000001,39.0,0.026000000000000002,-0.049,38.0,-0.095,0.583,23.0,0.0,0.643,31.0,1.0,15.0,0.998,-0.002,-0.013999999999999999
"Los Angeles, CA - Brentwood",2019-02-01,863000.0,-0.08199999999999999,-0.138,32.0,-0.179,-0.086,34.0,-0.105,0.172,33.0,0.435,0.65,43.0,12.0,20.0,0.991,-0.006999999999999999,-0.017
"Los Angeles, CA - Brentwood",2019-03-01,751000.0,-0.129,-0.08800000000000001,29.0,-0.094,0.115,42.0,0.23500000000000001,-0.045,33.0,0.0,0.65,43.0,1.0,25.0,0.997,0.006,-0.025
"Los Angeles, CA - Brentwood",2019-04-01,805000.0,0.07200000000000001,-0.152,35.0,0.207,0.167,52.0,0.23800000000000002,-0.11900000000000001,41.0,0.242,0.32299999999999995,47.0,4.0,33.0,0.996,-0.002,-0.036000000000000004
"Los Angeles, CA - Brentwood",2019-05-01,988000.0,0.227,0.069,42.0,0.2,0.135,57.0,0.096,-0.066,43.0,0.049,0.593,38.0,-9.0,24.0,1.0,0.005,-0.031000000000000003
"Los Angeles, CA - Brentwood",2019-06-01,1033000.0,0.046,0.084,42.0,0.0,-0.023,64.0,0.12300000000000001,0.12300000000000001,47.0,0.09300000000000001,0.8079999999999999,44.0,6.0,30.0,1.003,0.002,-0.018000000000000002
"Los Angeles, CA - Brentwood",2019-07-01,1105000.0,0.07,0.105,42.0,0.0,-0.17600000000000002,64.0,0.0,0.20800000000000002,50.0,0.064,0.7859999999999999,45.0,1.0,27.0,1.006,0.003,-0.012
"Los Angeles, CA - Brentwood",2019-08-01,1115000.0,0.009000000000000001,0.057999999999999996,48.0,0.14300000000000002,-0.111,62.0,-0.031000000000000003,0.319,45.0,-0.1,1.045,50.0,5.0,29.0,1.0090000000000001,0.003,-0.015
"Los Angeles, CA - Brentwood",2019-09-01,1030000.0,-0.076,-0.053,53.0,0.10400000000000001,0.019,58.0,-0.065,0.13699999999999998,45.0,0.0,0.667,56.0,7.0,33.0,1.006,-0.003,-0.016
"Los Angeles, CA - Brentwood",2019-10-01,1002000.0,-0.027000000000000003,-0.069,55.0,0.038,0.48600000000000004,48.0,-0.172,0.021,42.0,-0.067,0.44799999999999995,51.0,-5.0,27.0,1.003,-0.002,-0.015
"Los Angeles, CA - Brentwood",2019-11-01,925000.0,-0.077,-0.11199999999999999,42.0,-0.23600000000000002,0.23500000000000001,39.0,-0.188,-0.304,36.0,-0.14300000000000002,0.161,48.0,-3.0,19.0,0.995,-0.008,-0.008
"Los Angeles, CA - Brentwood",2019-12-01,979000.0,0.057999999999999996,-0.05,37.0,-0.11900000000000001,-0.026000000000000002,29.0,-0.256,-0.31,24.0,-0.33299999999999996,0.043,68.0,20.0,38.0,0.983,-0.013000000000000001,-0.018000000000000002
"Los Angeles, CA - Brentwood",2020-01-01,1060000.0,0.083,0.128,33.0,-0.10800000000000001,-0.154,37.0,0.276,-0.026000000000000002,32.0,0.33299999999999996,0.391,80.0,12.0,49.0,0.9920000000000001,0.009000000000000001,-0.006
"Los Angeles, CA - Brentwood",2020-02-01,1126000.0,0.062000000000000006,0.305,36.0,0.091,0.125,42.0,0.135,0.23500000000000001,38.0,0.188,0.152,69.0,-11.0,27.0,0.991,-0.001,-0.001
"Los Angeles, CA - Brentwood",2020-03-01,1126000.0,0.0,0.499,31.0,-0.139,0.069,51.0,0.214,0.214,39.0,0.026000000000000002,0.182,49.0,-21.0,6.0,1.001,0.011000000000000001,0.004
"Los Angeles, CA - Brentwood",2020-04-01,1175000.0,0.044000000000000004,0.46,33.0,0.065,-0.057,41.0,-0.196,-0.212,36.0,-0.077,-0.122,48.0,-1.0,1.0,0.9890000000000001,-0.012,-0.006
"Los Angeles, CA - Brentwood",2020-05-01,1175000.0,0.0,0.19,27.0,-0.182,-0.35700000000000004,39.0,-0.049,-0.316,44.0,0.222,0.023,43.0,-5.0,5.0,0.988,-0.002,-0.013000000000000001
"Los Angeles, CA - Brentwood",2020-06-01,1100000.0,-0.064,0.065,27.0,0.0,-0.35700000000000004,55.0,0.41000000000000003,-0.141,60.0,0.364,0.277,44.0,1.0,0.0,0.981,-0.006999999999999999,-0.022000000000000002
"Los Angeles, CA - Brentwood",2020-07-01,948000.0,-0.139,-0.14300000000000002,34.0,0.259,-0.19,67.0,0.218,0.047,57.0,-0.05,0.14,49.0,5.0,4.0,0.978,-0.003,-0.027000000000000003
"Los Angeles, CA - Brentwood",2020-08-01,912000.0,-0.038,-0.18300000000000002,51.0,0.5,0.063,79.0,0.179,0.27399999999999997,63.0,0.105,0.4,49.0,0.0,-1.0,0.986,0.008,-0.022000000000000002
"Los Angeles, CA - Brentwood",2020-09-01,985000.0,0.081,-0.044000000000000004,55.0,0.078,0.038,76.0,-0.038,0.31,70.0,0.111,0.556,49.0,0.0,-7.0,0.9940000000000001,0.006999999999999999,-0.012
"Los Angeles, CA - Brentwood",2020-10-01,980000.0,-0.005,-0.022000000000000002,47.0,-0.145,-0.145,88.0,0.158,0.833,83.0,0.18600000000000003,0.976,49.0,0.0,-2.0,0.998,0.004,-0.005
"Los Angeles, CA - Brentwood",2020-11-01,970000.0,-0.01,0.049,41.0,-0.128,-0.024,76.0,-0.136,0.9490000000000001,75.0,-0.096,1.083,53.0,4.0,5.0,1.0,0.002,0.005
"Los Angeles, CA - Brentwood",2020-12-01,820000.0,-0.155,-0.162,43.0,0.049,0.162,59.0,-0.22399999999999998,1.034,55.0,-0.267,1.2919999999999998,53.0,1.0,-15.0,0.993,-0.006999999999999999,0.01
"Los Angeles, CA - Brentwood",2021-01-01,785000.0,-0.043,-0.259,44.0,0.023,0.33299999999999996,49.0,-0.16899999999999998,0.324,66.0,0.2,1.063,69.0,16.0,-11.0,0.9920000000000001,-0.001,0.0
"Los Angeles, CA - Brentwood",2021-02-01,830000.0,0.057,-0.263,39.0,-0.114,0.083,58.0,0.184,0.381,69.0,0.045,0.816,77.0,8.0,8.0,0.988,-0.004,-0.003
"Los Angeles, CA - Brentwood",2021-03-01,904000.0,0.08900000000000001,-0.197,46.0,0.179,0.484,85.0,0.466,0.667,70.0,0.013999999999999999,0.795,70.0,-7.0,22.0,0.9940000000000001,0.006,-0.006999999999999999
"Los Angeles, CA - Brentwood",2021-04-01,945000.0,0.045,-0.196,69.0,0.5,1.091,101.0,0.188,1.463,75.0,0.071,1.083,55.0,-15.0,8.0,1.002,0.008,0.013000000000000001
"Los Angeles, CA - Brentwood",2021-05-01,983000.0,0.04,-0.163,86.0,0.24600000000000002,2.185,105.0,0.04,1.692,64.0,-0.147,0.455,51.0,-4.0,8.0,1.003,0.001,0.015
"Los Angeles, CA - Brentwood",2021-06-01,936000.0,-0.048,-0.149,95.0,0.105,2.519,88.0,-0.162,0.6,55.0,-0.141,-0.083,45.0,-7.0,1.0,1.003,0.0,0.022000000000000002
"Los Angeles, CA - Brentwood",2021-07-01,932000.0,-0.004,-0.016,84.0,-0.11599999999999999,1.4709999999999999,82.0,-0.068,0.22399999999999998,61.0,0.109,0.07,49.0,5.0,0.0,0.9990000000000001,-0.003,0.021
"Los Angeles, CA - Brentwood",2021-08-01,935000.0,0.003,0.026000000000000002,78.0,-0.071,0.529,80.0,-0.024,0.013000000000000001,60.0,-0.016,-0.048,47.0,-3.0,-3.0,1.008,0.009000000000000001,0.021
"Los Angeles, CA - Century City",2014-01-01,870000.0,-0.011000000000000001,0.024,32.0,-0.22,0.185,31.0,-0.114,-0.225,58.0,0.0,0.45,70.0,11.0,-41.0,0.9540000000000001,0.0,0.028999999999999998
"Los Angeles, CA - Century City",2014-02-01,981000.0,0.127,0.042,28.0,-0.125,-0.17600000000000002,45.0,0.452,-0.043,63.0,0.086,0.658,96.0,26.0,40.0,0.9540000000000001,-0.001,0.022000000000000002
"Los Angeles, CA - Century City",2014-03-01,983000.0,0.002,0.09300000000000001,32.0,0.14300000000000002,-0.03,54.0,0.2,-0.14300000000000002,62.0,-0.016,0.319,119.0,23.0,78.0,0.9640000000000001,0.01,0.019
"Los Angeles, CA - Century City",2014-04-01,1000000.0,0.018000000000000002,0.19,42.0,0.313,0.105,57.0,0.055999999999999994,-0.017,62.0,0.0,0.292,111.0,-8.0,66.0,0.965,0.001,0.022000000000000002
"Los Angeles, CA - Century City",2014-05-01,965000.0,-0.035,0.245,45.0,0.071,0.21600000000000003,52.0,-0.08800000000000001,-0.188,55.0,-0.113,0.038,94.0,-18.0,43.0,0.975,0.01,0.019
"Los Angeles, CA - Century City",2014-06-01,1025000.0,0.062000000000000006,0.32799999999999996,37.0,-0.17800000000000002,-0.11900000000000001,52.0,0.0,-0.037000000000000005,58.0,0.055,0.094,65.0,-29.0,10.0,0.973,-0.002,0.015
"Los Angeles, CA - Century City",2014-07-01,1000000.0,-0.024,0.306,39.0,0.054000000000000006,0.026000000000000002,43.0,-0.17300000000000001,-0.157,60.0,0.034,0.071,49.0,-16.0,-14.0,0.9740000000000001,0.001,0.0
"Los Angeles, CA - Century City",2014-08-01,1000000.0,0.0,0.25,35.0,-0.10300000000000001,-0.054000000000000006,42.0,-0.023,-0.354,53.0,-0.11699999999999999,-0.22100000000000003,37.0,-12.0,-26.0,0.963,-0.011000000000000001,-0.002
"Los Angeles, CA - Century City",2014-09-01,993000.0,-0.006999999999999999,0.062000000000000006,39.0,0.114,0.083,46.0,0.095,-0.258,64.0,0.20800000000000002,-0.015,41.0,4.0,-31.0,0.965,0.002,-0.006999999999999999
"Los Angeles, CA - Century City",2014-10-01,880000.0,-0.114,-0.23500000000000001,40.0,0.026000000000000002,0.053,54.0,0.174,-0.19399999999999998,57.0,-0.109,-0.136,44.0,3.0,-21.0,0.971,0.006,0.002
"Los Angeles, CA - Century City",2014-11-01,850000.0,-0.034,-0.086,36.0,-0.1,-0.14300000000000002,51.0,-0.055999999999999994,0.308,54.0,-0.053,-0.14300000000000002,56.0,12.0,-4.0,0.98,0.008,0.013999999999999999
"Los Angeles, CA - Century City",2014-12-01,725000.0,-0.147,-0.17600000000000002,35.0,-0.027999999999999997,-0.146,32.0,-0.373,-0.086,42.0,-0.222,-0.276,39.0,-17.0,-20.0,0.991,0.011000000000000001,0.036000000000000004
"Los Angeles, CA - Century City",2015-01-01,755000.0,0.040999999999999995,-0.132,29.0,-0.171,-0.094,26.0,-0.188,-0.161,49.0,0.167,-0.155,42.0,3.0,-28.0,0.9770000000000001,-0.013999999999999999,0.022000000000000002
"Los Angeles, CA - Century City",2015-02-01,730000.0,-0.033,-0.256,25.0,-0.138,-0.107,26.0,0.0,-0.42200000000000004,44.0,-0.102,-0.302,47.0,5.0,-49.0,0.9670000000000001,-0.009000000000000001,0.013999999999999999
"Los Angeles, CA - Century City",2015-03-01,900000.0,0.233,-0.084,21.0,-0.16,-0.344,45.0,0.731,-0.167,52.0,0.182,-0.161,68.0,21.0,-51.0,0.9540000000000001,-0.013000000000000001,-0.009000000000000001
"Los Angeles, CA - Century City",2015-04-01,760000.0,-0.156,-0.24,25.0,0.19,-0.405,44.0,-0.022000000000000002,-0.228,47.0,-0.096,-0.242,23.0,-45.0,-88.0,0.968,0.013000000000000001,0.003
"Los Angeles, CA - Century City",2015-05-01,755000.0,-0.006999999999999999,-0.218,28.0,0.12,-0.378,43.0,-0.023,-0.17300000000000001,47.0,0.0,-0.145,45.0,22.0,-49.0,0.975,0.006999999999999999,0.0
"Los Angeles, CA - Century City",2015-06-01,757000.0,0.002,-0.262,36.0,0.28600000000000003,-0.027000000000000003,43.0,0.0,-0.17300000000000001,50.0,0.064,-0.138,31.0,-14.0,-35.0,0.9840000000000001,0.009000000000000001,0.011000000000000001
"Los Angeles, CA - Century City",2015-07-01,759000.0,0.003,-0.24100000000000002,34.0,-0.055999999999999994,-0.128,48.0,0.11599999999999999,0.11599999999999999,49.0,-0.02,-0.18300000000000002,33.0,2.0,-17.0,0.9920000000000001,0.008,0.018000000000000002
"Los Angeles, CA - Century City",2015-08-01,769000.0,0.013000000000000001,-0.23199999999999998,35.0,0.028999999999999998,0.0,52.0,0.083,0.23800000000000002,47.0,-0.040999999999999995,-0.113,33.0,1.0,-4.0,0.991,-0.001,0.027999999999999997
"Los Angeles, CA - Century City",2015-09-01,800000.0,0.040999999999999995,-0.19399999999999998,27.0,-0.22899999999999998,-0.308,44.0,-0.154,-0.043,44.0,-0.064,-0.313,43.0,10.0,2.0,0.988,-0.003,0.024
"Los Angeles, CA - Century City",2015-10-01,825000.0,0.031000000000000003,-0.063,21.0,-0.222,-0.47500000000000003,49.0,0.114,-0.09300000000000001,50.0,0.136,-0.12300000000000001,62.0,19.0,19.0,0.9620000000000001,-0.027000000000000003,-0.009000000000000001
"Los Angeles, CA - Century City",2015-11-01,850000.0,0.03,0.0,26.0,0.23800000000000002,-0.278,37.0,-0.245,-0.275,39.0,-0.22,-0.278,63.0,1.0,7.0,0.965,0.003,-0.013999999999999999
"Los Angeles, CA - Century City",2015-12-01,879000.0,0.034,0.212,31.0,0.192,-0.114,30.0,-0.189,-0.063,32.0,-0.179,-0.23800000000000002,40.0,-23.0,1.0,0.96,-0.005,-0.031000000000000003
"Los Angeles, CA - Century City",2016-01-01,867000.0,-0.013999999999999999,0.14800000000000002,32.0,0.032,0.10300000000000001,31.0,0.033,0.192,42.0,0.313,-0.14300000000000002,60.0,20.0,18.0,0.9740000000000001,0.013999999999999999,-0.003
"Los Angeles, CA - Century City",2016-02-01,940000.0,0.084,0.28800000000000003,27.0,-0.156,0.08,48.0,0.5479999999999999,0.846,45.0,0.071,0.023,63.0,4.0,16.0,0.976,0.002,0.008
"Los Angeles, CA - Century City",2016-03-01,890000.0,-0.053,-0.011000000000000001,20.0,-0.259,-0.048,55.0,0.146,0.222,44.0,-0.022000000000000002,-0.154,75.0,12.0,7.0,0.983,0.006999999999999999,0.027999999999999997
"Los Angeles, CA - Century City",2016-04-01,1025000.0,0.152,0.349,31.0,0.55,0.24,52.0,-0.055,0.182,45.0,0.023,-0.043,34.0,-41.0,11.0,0.9770000000000001,-0.005,0.01
"Los Angeles, CA - Century City",2016-05-01,968000.0,-0.055999999999999994,0.281,34.0,0.09699999999999999,0.214,43.0,-0.17300000000000001,0.0,40.0,-0.111,-0.149,34.0,0.0,-11.0,0.971,-0.006,-0.003
"Los Angeles, CA - Century City",2016-06-01,1045000.0,0.08,0.381,35.0,0.028999999999999998,-0.027999999999999997,37.0,-0.14,-0.14,33.0,-0.17500000000000002,-0.34,46.0,12.0,15.0,0.971,-0.001,-0.013000000000000001
"Los Angeles, CA - Century City",2016-07-01,813000.0,-0.222,0.07,26.0,-0.257,-0.23500000000000001,37.0,0.0,-0.22899999999999998,40.0,0.212,-0.184,52.0,7.0,20.0,0.971,0.001,-0.02
"Los Angeles, CA - Century City",2016-08-01,845000.0,0.04,0.1,25.0,-0.038,-0.28600000000000003,44.0,0.189,-0.154,39.0,-0.025,-0.17,41.0,-11.0,8.0,0.9790000000000001,0.008,-0.012
"Los Angeles, CA - Century City",2016-09-01,788000.0,-0.068,-0.016,30.0,0.2,0.111,55.0,0.25,0.25,42.0,0.077,-0.045,42.0,1.0,-1.0,0.9840000000000001,0.005,-0.004
"Los Angeles, CA - Century City",2016-10-01,918000.0,0.165,0.11199999999999999,35.0,0.167,0.667,48.0,-0.127,-0.02,38.0,-0.095,-0.24,43.0,1.0,-20.0,0.981,-0.003,0.019
"Los Angeles, CA - Century City",2016-11-01,983000.0,0.071,0.156,37.0,0.057,0.423,45.0,-0.063,0.21600000000000003,45.0,0.184,0.154,54.0,12.0,-9.0,0.976,-0.005,0.01
"Los Angeles, CA - Century City",2016-12-01,985000.0,0.003,0.121,33.0,-0.10800000000000001,0.065,34.0,-0.244,0.133,44.0,-0.022000000000000002,0.375,51.0,-3.0,11.0,0.966,-0.01,0.006
"Los Angeles, CA - Century City",2017-01-01,1050000.0,0.066,0.21100000000000002,25.0,-0.242,-0.219,37.0,0.08800000000000001,0.19399999999999998,46.0,0.045,0.095,48.0,-3.0,-12.0,0.9640000000000001,-0.002,-0.01
"Los Angeles, CA - Century City",2017-02-01,1025000.0,-0.024,0.09,23.0,-0.08,-0.14800000000000002,31.0,-0.162,-0.354,37.0,-0.196,-0.17800000000000002,48.0,0.0,-15.0,0.961,-0.003,-0.015
"Los Angeles, CA - Century City",2017-03-01,1000000.0,-0.024,0.12400000000000001,28.0,0.217,0.4,37.0,0.19399999999999998,-0.327,42.0,0.135,-0.045,29.0,-20.0,-47.0,0.97,0.009000000000000001,-0.013000000000000001
"Los Angeles, CA - Century City",2017-04-01,954000.0,-0.046,-0.069,26.0,-0.071,-0.161,43.0,0.162,-0.17300000000000001,45.0,0.071,0.0,24.0,-5.0,-10.0,0.975,0.005,-0.002
"Los Angeles, CA - Century City",2017-05-01,932000.0,-0.023,-0.037000000000000005,30.0,0.154,-0.11800000000000001,48.0,0.11599999999999999,0.11599999999999999,39.0,-0.133,-0.025,36.0,12.0,2.0,0.976,0.001,0.005
"Los Angeles, CA - Century City",2017-06-01,990000.0,0.062000000000000006,-0.053,42.0,0.4,0.2,49.0,0.021,0.324,40.0,0.026000000000000002,0.212,37.0,2.0,-9.0,0.9690000000000001,-0.006999999999999999,-0.001
"Los Angeles, CA - Century City",2017-07-01,991000.0,0.001,0.219,50.0,0.19,0.923,37.0,-0.245,0.0,37.0,-0.075,-0.075,37.0,0.0,-15.0,0.975,0.006,0.004
"Los Angeles, CA - Century City",2017-08-01,981000.0,-0.01,0.161,47.0,-0.06,0.88,39.0,0.054000000000000006,-0.114,33.0,-0.10800000000000001,-0.154,47.0,10.0,6.0,0.978,0.003,-0.001
"Los Angeles, CA - Century City",2017-09-01,1030000.0,0.05,0.308,37.0,-0.21300000000000002,0.233,37.0,-0.051,-0.327,29.0,-0.121,-0.31,35.0,-12.0,-7.0,0.9870000000000001,0.009000000000000001,0.002
"Los Angeles, CA - Century City",2017-10-01,1043000.0,0.012,0.136,30.0,-0.189,-0.14300000000000002,45.0,0.21600000000000003,-0.063,32.0,0.10300000000000001,-0.158,26.0,-9.0,-17.0,0.981,-0.005,0.0
"Los Angeles, CA - Century City",2017-11-01,1125000.0,0.079,0.145,35.0,0.167,-0.054000000000000006,32.0,-0.289,-0.289,27.0,-0.156,-0.4,25.0,-1.0,-29.0,0.9820000000000001,0.0,0.006
"Los Angeles, CA - Century City",2017-12-01,1131000.0,0.005,0.14800000000000002,27.0,-0.22899999999999998,-0.182,23.0,-0.281,-0.324,20.0,-0.259,-0.545,28.0,3.0,-23.0,0.981,-0.001,0.015
"Los Angeles, CA - Century City",2018-01-01,1220000.0,0.079,0.162,32.0,0.185,0.28,21.0,-0.087,-0.43200000000000005,25.0,0.25,-0.457,58.0,30.0,10.0,0.975,-0.006,0.011000000000000001
"Los Angeles, CA - Century City",2018-02-01,1113000.0,-0.08800000000000001,0.085,26.0,-0.188,0.13,36.0,0.7140000000000001,0.161,33.0,0.32,-0.10800000000000001,64.0,6.0,16.0,0.978,0.003,0.017
"Los Angeles, CA - Century City",2018-03-01,1140000.0,0.025,0.14,31.0,0.192,0.107,47.0,0.306,0.27,33.0,0.0,-0.214,25.0,-40.0,-4.0,0.986,0.008,0.016
"Los Angeles, CA - Century City",2018-04-01,1150000.0,0.009000000000000001,0.20600000000000002,35.0,0.129,0.34600000000000003,51.0,0.085,0.18600000000000003,32.0,-0.03,-0.289,26.0,1.0,2.0,0.997,0.012,0.022000000000000002
"Los Angeles, CA - Century City",2018-05-01,985000.0,-0.14300000000000002,0.057,33.0,-0.057,0.1,49.0,-0.039,0.021,33.0,0.031000000000000003,-0.154,26.0,0.0,-10.0,0.996,-0.001,0.02
"Los Angeles, CA - Century City",2018-06-01,1210000.0,0.228,0.222,38.0,0.152,-0.095,50.0,0.02,0.02,35.0,0.061,-0.125,30.0,4.0,-8.0,0.99,-0.006,0.021
"Los Angeles, CA - Century City",2018-07-01,1190000.0,-0.016,0.201,31.0,-0.184,-0.38,42.0,-0.16,0.135,34.0,-0.028999999999999998,-0.081,29.0,-1.0,-8.0,0.986,-0.005,0.01
"Los Angeles, CA - Century City",2018-08-01,1580000.0,0.32799999999999996,0.611,32.0,0.032,-0.319,40.0,-0.048,0.026000000000000002,34.0,0.0,0.03,29.0,0.0,-18.0,0.99,0.005,0.013000000000000001
"Los Angeles, CA - Century City",2018-09-01,1450000.0,-0.08199999999999999,0.408,25.0,-0.219,-0.324,37.0,-0.075,0.0,36.0,0.059000000000000004,0.24100000000000002,19.0,-10.0,-16.0,1.0090000000000001,0.019,0.023
"Los Angeles, CA - Century City",2018-10-01,1180000.0,-0.18600000000000003,0.132,25.0,0.0,-0.167,34.0,-0.081,-0.244,38.0,0.055999999999999994,0.188,27.0,8.0,1.0,0.998,-0.011000000000000001,0.017
"Los Angeles, CA - Century City",2018-11-01,1070000.0,-0.09300000000000001,-0.049,21.0,-0.16,-0.4,30.0,-0.11800000000000001,-0.063,38.0,0.0,0.40700000000000003,24.0,-3.0,-1.0,0.997,-0.001,0.015
"Los Angeles, CA - Century City",2018-12-01,1070000.0,0.0,-0.054000000000000006,17.0,-0.19,-0.37,19.0,-0.36700000000000005,-0.174,32.0,-0.158,0.6,29.0,5.0,1.0,0.9840000000000001,-0.012,0.003
"Los Angeles, CA - Century City",2019-01-01,910000.0,-0.15,-0.255,14.0,-0.17600000000000002,-0.563,22.0,0.158,0.048,29.0,-0.094,0.16,50.0,21.0,-9.0,0.995,0.011000000000000001,0.021
"Los Angeles, CA - Century City",2019-02-01,1025000.0,0.127,-0.079,17.0,0.214,-0.34600000000000003,23.0,0.045,-0.36100000000000004,35.0,0.207,0.061,97.0,48.0,33.0,0.973,-0.022000000000000002,-0.005
"Los Angeles, CA - Century City",2019-03-01,1100000.0,0.073,-0.035,21.0,0.23500000000000001,-0.32299999999999995,40.0,0.7390000000000001,-0.149,43.0,0.22899999999999998,0.303,97.0,0.0,73.0,0.9690000000000001,-0.005,-0.017
"Los Angeles, CA - Century City",2019-04-01,1100000.0,0.0,-0.043,23.0,0.095,-0.34299999999999997,43.0,0.075,-0.157,47.0,0.09300000000000001,0.469,53.0,-44.0,28.0,0.976,0.008,-0.021
"Los Angeles, CA - Century City",2019-05-01,975000.0,-0.114,-0.01,23.0,0.0,-0.303,37.0,-0.14,-0.245,40.0,-0.149,0.212,53.0,0.0,28.0,0.9890000000000001,0.013000000000000001,-0.006999999999999999
"Los Angeles, CA - Century City",2019-06-01,869000.0,-0.109,-0.282,21.0,-0.087,-0.44700000000000006,30.0,-0.189,-0.4,39.0,-0.025,0.114,58.0,5.0,29.0,0.995,0.006,0.005
"Los Angeles, CA - Century City",2019-07-01,895000.0,0.03,-0.24800000000000003,22.0,0.048,-0.29,42.0,0.4,0.0,54.0,0.385,0.588,65.0,7.0,36.0,0.997,0.002,0.012
"Los Angeles, CA - Century City",2019-08-01,912000.0,0.019,-0.423,19.0,-0.136,-0.406,57.0,0.35700000000000004,0.425,64.0,0.185,0.882,64.0,-1.0,35.0,0.991,-0.006999999999999999,0.0
"Los Angeles, CA - Century City",2019-09-01,990000.0,0.086,-0.317,18.0,-0.053,-0.28,58.0,0.018000000000000002,0.568,62.0,-0.031000000000000003,0.7220000000000001,63.0,-1.0,44.0,0.991,0.0,-0.018000000000000002
"Los Angeles, CA - Century City",2019-10-01,1050000.0,0.06,-0.11,23.0,0.278,-0.08,41.0,-0.29300000000000004,0.20600000000000002,54.0,-0.129,0.42100000000000004,65.0,2.0,38.0,0.971,-0.02,-0.027000000000000003
"Los Angeles, CA - Century City",2019-11-01,1040000.0,-0.01,-0.027999999999999997,27.0,0.174,0.28600000000000003,33.0,-0.195,0.1,52.0,-0.037000000000000005,0.368,61.0,-4.0,37.0,0.97,-0.001,-0.027000000000000003
"Los Angeles, CA - Century City",2019-12-01,1128000.0,0.085,0.054000000000000006,30.0,0.111,0.765,25.0,-0.242,0.316,42.0,-0.192,0.313,79.0,18.0,50.0,0.9590000000000001,-0.011000000000000001,-0.025
"Los Angeles, CA - Century City",2020-01-01,1106000.0,-0.02,0.21600000000000003,29.0,-0.033,1.071,38.0,0.52,0.7270000000000001,51.0,0.214,0.7590000000000001,92.0,13.0,43.0,0.956,-0.003,-0.039
"Los Angeles, CA - Century City",2020-02-01,1083000.0,-0.021,0.055999999999999994,26.0,-0.10300000000000001,0.529,42.0,0.105,0.826,48.0,-0.059000000000000004,0.371,105.0,13.0,8.0,0.965,0.009000000000000001,-0.008
"Los Angeles, CA - Century City",2020-03-01,1075000.0,-0.006999999999999999,-0.023,29.0,0.115,0.381,47.0,0.11900000000000001,0.17500000000000002,43.0,-0.10400000000000001,0.0,93.0,-12.0,-4.0,0.981,0.016,0.013000000000000001
"Los Angeles, CA - Century City",2020-04-01,1039000.0,-0.033,-0.055,23.0,-0.207,0.0,33.0,-0.298,-0.233,42.0,-0.023,-0.106,48.0,-45.0,-5.0,0.996,0.015,0.02
"Los Angeles, CA - Century City",2020-05-01,1132000.0,0.08900000000000001,0.161,22.0,-0.043,-0.043,33.0,0.0,-0.10800000000000001,52.0,0.23800000000000002,0.3,51.0,3.0,-2.0,0.985,-0.011000000000000001,-0.004
"Los Angeles, CA - Century City",2020-06-01,1185000.0,0.047,0.364,13.0,-0.409,-0.381,37.0,0.121,0.233,57.0,0.096,0.462,75.0,24.0,17.0,0.9770000000000001,-0.008,-0.018000000000000002
"Los Angeles, CA - Century City",2020-07-01,1243000.0,0.049,0.38799999999999996,10.0,-0.231,-0.545,49.0,0.324,0.167,69.0,0.21100000000000002,0.278,96.0,21.0,31.0,0.973,-0.004,-0.024
"Los Angeles, CA - Century City",2020-08-01,1058000.0,-0.149,0.16,21.0,1.1,0.105,49.0,0.0,-0.14,67.0,-0.028999999999999998,0.047,54.0,-42.0,-10.0,0.985,0.012,-0.006
"Los Angeles, CA - Century City",2020-09-01,1100000.0,0.04,0.111,22.0,0.048,0.222,55.0,0.122,-0.052000000000000005,72.0,0.075,0.161,55.0,1.0,-9.0,0.9840000000000001,-0.001,-0.006999999999999999
"Los Angeles, CA - Century City",2020-10-01,1117000.0,0.015,0.063,30.0,0.364,0.304,47.0,-0.145,0.146,67.0,-0.069,0.24100000000000002,53.0,-2.0,-13.0,0.978,-0.006,0.006999999999999999
"Los Angeles, CA - Century City",2020-11-01,1130000.0,0.012,0.087,22.0,-0.267,-0.185,40.0,-0.149,0.212,59.0,-0.11900000000000001,0.135,54.0,1.0,-8.0,0.971,-0.006999999999999999,0.001
"Los Angeles, CA - Century City",2020-12-01,1135000.0,0.004,0.006,29.0,0.318,-0.033,31.0,-0.225,0.24,55.0,-0.068,0.31,64.0,11.0,-15.0,0.9670000000000001,-0.004,0.008
"Los Angeles, CA - Century City",2021-01-01,1155000.0,0.018000000000000002,0.044000000000000004,30.0,0.034,0.034,41.0,0.32299999999999995,0.079,60.0,0.091,0.17600000000000002,105.0,41.0,13.0,0.958,-0.009000000000000001,0.002
"Los Angeles, CA - Century City",2021-02-01,1200000.0,0.039,0.109,37.0,0.233,0.423,57.0,0.39,0.35700000000000004,69.0,0.15,0.438,102.0,-3.0,-3.0,0.9620000000000001,0.004,-0.003
"Los Angeles, CA - Century City",2021-03-01,1250000.0,0.042,0.163,37.0,0.0,0.276,69.0,0.21100000000000002,0.46799999999999997,74.0,0.07200000000000001,0.721,102.0,0.0,9.0,0.963,0.001,-0.018000000000000002
"Los Angeles, CA - Century City",2021-04-01,1156000.0,-0.075,0.113,40.0,0.081,0.7390000000000001,68.0,-0.013999999999999999,1.061,76.0,0.027000000000000003,0.81,50.0,-53.0,2.0,0.9740000000000001,0.01,-0.022000000000000002
"Los Angeles, CA - Century City",2021-05-01,1070000.0,-0.075,-0.054000000000000006,39.0,-0.025,0.773,64.0,-0.059000000000000004,0.9390000000000001,79.0,0.039,0.519,59.0,10.0,8.0,0.975,0.001,-0.011000000000000001
"Los Angeles, CA - Century City",2021-06-01,1025000.0,-0.042,-0.135,45.0,0.154,2.4619999999999997,62.0,-0.031000000000000003,0.6759999999999999,73.0,-0.076,0.281,59.0,0.0,-16.0,0.9890000000000001,0.013999999999999999,0.012
"Los Angeles, CA - Century City",2021-07-01,993000.0,-0.032,-0.201,46.0,0.022000000000000002,3.6,63.0,0.016,0.28600000000000003,73.0,0.0,0.057999999999999996,61.0,2.0,-35.0,0.9940000000000001,0.005,0.021
"Los Angeles, CA - Century City",2021-08-01,1035000.0,0.043,-0.021,43.0,-0.065,1.048,67.0,0.063,0.36700000000000005,75.0,0.027000000000000003,0.11900000000000001,61.0,0.0,7.0,0.9920000000000001,-0.002,0.006999999999999999
"Los Angeles, CA - Westwood",2014-01-01,655000.0,-0.09,0.139,59.0,-0.22399999999999998,-0.18100000000000002,85.0,0.149,-0.12400000000000001,98.0,0.01,0.08900000000000001,40.0,3.0,-15.0,0.976,0.008,0.013000000000000001
"Los Angeles, CA - Westwood",2014-02-01,675000.0,0.031000000000000003,0.262,58.0,-0.017,-0.079,89.0,0.047,-0.11,93.0,-0.051,0.069,42.0,3.0,-18.0,0.9690000000000001,-0.006999999999999999,-0.005
"Los Angeles, CA - Westwood",2014-03-01,680000.0,0.006999999999999999,0.23600000000000002,57.0,-0.017,-0.034,120.0,0.348,0.043,109.0,0.172,0.329,54.0,12.0,17.0,0.9670000000000001,-0.002,-0.026000000000000002
"Los Angeles, CA - Westwood",2014-04-01,721000.0,0.06,0.20800000000000002,70.0,0.228,-0.054000000000000006,122.0,0.017,0.025,104.0,-0.046,0.13,39.0,-15.0,9.0,0.963,-0.004,-0.037000000000000005
"Los Angeles, CA - Westwood",2014-05-01,680000.0,-0.057,0.079,71.0,0.013999999999999999,-0.10099999999999999,139.0,0.139,0.037000000000000005,107.0,0.028999999999999998,0.10300000000000001,32.0,-7.0,-5.0,0.971,0.008,-0.016
"Los Angeles, CA - Westwood",2014-06-01,695000.0,0.022000000000000002,0.078,78.0,0.099,-0.114,141.0,0.013999999999999999,-0.034,117.0,0.09300000000000001,0.10400000000000001,29.0,-3.0,-6.0,0.97,0.0,-0.011000000000000001
"Los Angeles, CA - Westwood",2014-07-01,698000.0,0.004,0.09,78.0,0.0,-0.161,146.0,0.035,-0.006999999999999999,119.0,0.017,0.092,26.0,-3.0,-16.0,0.9720000000000001,0.002,-0.009000000000000001
"Los Angeles, CA - Westwood",2014-08-01,705000.0,0.011000000000000001,0.174,76.0,-0.026000000000000002,-0.28300000000000003,145.0,-0.006999999999999999,0.057999999999999996,118.0,-0.008,0.18,29.0,3.0,-4.0,0.971,-0.001,-0.023
"Los Angeles, CA - Westwood",2014-09-01,745000.0,0.057,0.146,91.0,0.197,-0.10800000000000001,121.0,-0.166,-0.14800000000000002,98.0,-0.16899999999999998,-0.10099999999999999,34.0,6.0,2.0,0.973,0.002,-0.015
"Los Angeles, CA - Westwood",2014-10-01,710000.0,-0.047,0.036000000000000004,95.0,0.044000000000000004,-0.04,110.0,-0.091,-0.052000000000000005,98.0,0.0,-0.10099999999999999,38.0,4.0,6.0,0.9740000000000001,0.001,-0.004
"Los Angeles, CA - Westwood",2014-11-01,733000.0,0.032,-0.084,98.0,0.032,0.18100000000000002,90.0,-0.182,-0.14300000000000002,102.0,0.040999999999999995,0.0,39.0,1.0,2.0,0.971,-0.003,0.004
"Los Angeles, CA - Westwood",2014-12-01,705000.0,-0.038,-0.021,73.0,-0.255,-0.039,78.0,-0.133,0.054000000000000006,92.0,-0.098,-0.052000000000000005,43.0,4.0,6.0,0.9690000000000001,-0.001,0.001
"Los Angeles, CA - Westwood",2015-01-01,750000.0,0.064,0.145,67.0,-0.08199999999999999,0.136,89.0,0.141,0.047,102.0,0.109,0.040999999999999995,39.0,-4.0,-1.0,0.97,0.001,-0.006
"Los Angeles, CA - Westwood",2015-02-01,762000.0,0.016,0.129,59.0,-0.11900000000000001,0.017,95.0,0.067,0.067,91.0,-0.10800000000000001,-0.022000000000000002,59.0,20.0,17.0,0.9670000000000001,-0.003,-0.002
"Los Angeles, CA - Westwood",2015-03-01,750000.0,-0.016,0.10300000000000001,69.0,0.16899999999999998,0.21100000000000002,124.0,0.305,0.033,101.0,0.11,-0.073,43.0,-16.0,-11.0,0.9720000000000001,0.004,0.005
"Los Angeles, CA - Westwood",2015-04-01,750000.0,0.0,0.04,80.0,0.159,0.14300000000000002,128.0,0.032,0.049,109.0,0.079,0.048,26.0,-17.0,-13.0,0.9740000000000001,0.002,0.011000000000000001
"Los Angeles, CA - Westwood",2015-05-01,710000.0,-0.054000000000000006,0.043,95.0,0.188,0.33799999999999997,141.0,0.102,0.013999999999999999,95.0,-0.128,-0.11199999999999999,27.0,1.0,-5.0,0.973,-0.001,0.002
"Los Angeles, CA - Westwood",2015-06-01,773000.0,0.08900000000000001,0.11199999999999999,111.0,0.168,0.423,141.0,0.0,0.0,101.0,0.063,-0.13699999999999998,39.0,12.0,10.0,0.9740000000000001,0.001,0.004
"Los Angeles, CA - Westwood",2015-07-01,745000.0,-0.036000000000000004,0.068,109.0,-0.018000000000000002,0.397,132.0,-0.064,-0.096,95.0,-0.059000000000000004,-0.20199999999999999,44.0,5.0,18.0,0.975,0.001,0.003
"Los Angeles, CA - Westwood",2015-08-01,760000.0,0.02,0.078,112.0,0.027999999999999997,0.474,116.0,-0.121,-0.2,94.0,-0.011000000000000001,-0.203,37.0,-7.0,9.0,0.9840000000000001,0.009000000000000001,0.013000000000000001
"Los Angeles, CA - Westwood",2015-09-01,722000.0,-0.05,-0.031000000000000003,98.0,-0.125,0.077,102.0,-0.121,-0.157,93.0,-0.011000000000000001,-0.051,35.0,-2.0,1.0,0.9840000000000001,0.0,0.011000000000000001
"Los Angeles, CA - Westwood",2015-10-01,723000.0,0.001,0.018000000000000002,92.0,-0.061,-0.032,98.0,-0.039,-0.109,86.0,-0.075,-0.122,35.0,-1.0,-4.0,0.981,-0.002,0.008
"Los Angeles, CA - Westwood",2015-11-01,723000.0,0.0,-0.013999999999999999,80.0,-0.13,-0.184,91.0,-0.071,0.011000000000000001,74.0,-0.14,-0.275,53.0,19.0,14.0,0.9790000000000001,-0.003,0.008
"Los Angeles, CA - Westwood",2015-12-01,743000.0,0.027999999999999997,0.054000000000000006,78.0,-0.025,0.068,79.0,-0.132,0.013000000000000001,71.0,-0.040999999999999995,-0.228,48.0,-6.0,5.0,0.9720000000000001,-0.006,0.003
"Los Angeles, CA - Westwood",2016-01-01,795000.0,0.07,0.06,62.0,-0.20500000000000002,-0.075,80.0,0.013000000000000001,-0.10099999999999999,77.0,0.085,-0.245,52.0,5.0,13.0,0.9720000000000001,0.0,0.002
"Los Angeles, CA - Westwood",2016-02-01,785000.0,-0.013000000000000001,0.03,55.0,-0.113,-0.068,104.0,0.3,0.095,90.0,0.16899999999999998,-0.011000000000000001,42.0,-11.0,-17.0,0.966,-0.006999999999999999,-0.001
"Los Angeles, CA - Westwood",2016-03-01,779000.0,-0.008,0.039,63.0,0.145,-0.087,125.0,0.20199999999999999,0.008,91.0,0.011000000000000001,-0.099,34.0,-8.0,-9.0,0.983,0.017,0.011000000000000001
"Los Angeles, CA - Westwood",2016-04-01,758000.0,-0.027999999999999997,0.01,74.0,0.17500000000000002,-0.075,124.0,-0.008,-0.031000000000000003,90.0,-0.011000000000000001,-0.174,20.0,-14.0,-6.0,0.985,0.002,0.011000000000000001
"Los Angeles, CA - Westwood",2016-05-01,785000.0,0.036000000000000004,0.106,89.0,0.203,-0.063,126.0,0.016,-0.106,87.0,-0.033,-0.084,26.0,6.0,-2.0,0.9890000000000001,0.004,0.016
"Los Angeles, CA - Westwood",2016-06-01,845000.0,0.076,0.092,90.0,0.011000000000000001,-0.189,123.0,-0.024,-0.128,81.0,-0.069,-0.198,30.0,4.0,-10.0,0.99,0.001,0.016
"Los Angeles, CA - Westwood",2016-07-01,826000.0,-0.022000000000000002,0.109,96.0,0.067,-0.11900000000000001,128.0,0.040999999999999995,-0.03,86.0,0.062000000000000006,-0.095,33.0,4.0,-11.0,0.9920000000000001,0.002,0.017
"Los Angeles, CA - Westwood",2016-08-01,818000.0,-0.01,0.076,103.0,0.073,-0.08,113.0,-0.11699999999999999,-0.026000000000000002,76.0,-0.11599999999999999,-0.19100000000000003,33.0,0.0,-4.0,0.991,-0.002,0.006
"Los Angeles, CA - Westwood",2016-09-01,771000.0,-0.057999999999999996,0.067,91.0,-0.11699999999999999,-0.071,110.0,-0.027000000000000003,0.078,76.0,0.0,-0.18300000000000002,31.0,-2.0,-4.0,0.991,0.0,0.006999999999999999
"Los Angeles, CA - Westwood",2016-10-01,809000.0,0.05,0.12,90.0,-0.011000000000000001,-0.022000000000000002,103.0,-0.064,0.051,79.0,0.039,-0.081,30.0,-2.0,-5.0,0.9870000000000001,-0.004,0.006
"Los Angeles, CA - Westwood",2016-11-01,845000.0,0.044000000000000004,0.17,85.0,-0.055999999999999994,0.063,94.0,-0.087,0.033,80.0,0.013000000000000001,0.081,25.0,-5.0,-28.0,0.9840000000000001,-0.004,0.005
"Los Angeles, CA - Westwood",2016-12-01,860000.0,0.018000000000000002,0.157,79.0,-0.071,0.013000000000000001,80.0,-0.149,0.013000000000000001,71.0,-0.113,0.0,34.0,9.0,-14.0,0.9790000000000001,-0.004,0.006999999999999999
"Los Angeles, CA - Westwood",2017-01-01,861000.0,0.001,0.083,66.0,-0.165,0.065,78.0,-0.025,-0.025,66.0,-0.07,-0.14300000000000002,25.0,-10.0,-28.0,0.978,-0.001,0.006
"Los Angeles, CA - Westwood",2017-02-01,857000.0,-0.005,0.092,58.0,-0.121,0.055,80.0,0.026000000000000002,-0.231,65.0,-0.015,-0.278,43.0,19.0,2.0,0.98,0.002,0.013999999999999999
"Los Angeles, CA - Westwood",2017-03-01,854000.0,-0.004,0.096,67.0,0.155,0.063,98.0,0.225,-0.21600000000000003,73.0,0.12300000000000001,-0.198,27.0,-16.0,-7.0,0.986,0.006,0.003
"Los Angeles, CA - Westwood",2017-04-01,766000.0,-0.10300000000000001,0.011000000000000001,76.0,0.134,0.027000000000000003,104.0,0.061,-0.161,80.0,0.096,-0.111,29.0,2.0,9.0,0.996,0.01,0.011000000000000001
"Los Angeles, CA - Westwood",2017-05-01,812000.0,0.06,0.034,88.0,0.158,-0.011000000000000001,116.0,0.115,-0.079,83.0,0.038,-0.046,27.0,-3.0,1.0,0.996,0.0,0.006999999999999999
"Los Angeles, CA - Westwood",2017-06-01,838000.0,0.032,-0.008,91.0,0.034,0.011000000000000001,108.0,-0.069,-0.122,75.0,-0.096,-0.07400000000000001,22.0,-5.0,-8.0,1.001,0.005,0.01
"Los Angeles, CA - Westwood",2017-07-01,875000.0,0.045,0.059000000000000004,93.0,0.022000000000000002,-0.031000000000000003,101.0,-0.065,-0.21100000000000002,81.0,0.08,-0.057999999999999996,31.0,9.0,-3.0,0.988,-0.012,-0.004
"Los Angeles, CA - Westwood",2017-08-01,850000.0,-0.028999999999999998,0.039,85.0,-0.086,-0.17500000000000002,95.0,-0.059000000000000004,-0.159,82.0,0.012,0.079,27.0,-4.0,-6.0,1.0,0.011000000000000001,0.009000000000000001
"Los Angeles, CA - Westwood",2017-09-01,822000.0,-0.033,0.067,70.0,-0.17600000000000002,-0.231,94.0,-0.011000000000000001,-0.145,82.0,0.0,0.079,41.0,14.0,10.0,0.9890000000000001,-0.011000000000000001,-0.002
"Los Angeles, CA - Westwood",2017-10-01,810000.0,-0.015,0.001,68.0,-0.028999999999999998,-0.244,91.0,-0.032,-0.11699999999999999,73.0,-0.11,-0.076,34.0,-7.0,5.0,0.997,0.008,0.01
"Los Angeles, CA - Westwood",2017-11-01,860000.0,0.062000000000000006,0.018000000000000002,63.0,-0.07400000000000001,-0.259,83.0,-0.08800000000000001,-0.11699999999999999,77.0,0.055,-0.038,37.0,3.0,12.0,0.9870000000000001,-0.011000000000000001,0.003
"Los Angeles, CA - Westwood",2017-12-01,892000.0,0.037000000000000005,0.037000000000000005,74.0,0.17500000000000002,-0.063,66.0,-0.20500000000000002,-0.17500000000000002,59.0,-0.23399999999999999,-0.16899999999999998,34.0,-4.0,-1.0,0.99,0.003,0.01
"Los Angeles, CA - Westwood",2018-01-01,912000.0,0.022000000000000002,0.057999999999999996,70.0,-0.054000000000000006,0.061,73.0,0.106,-0.064,62.0,0.051,-0.061,46.0,13.0,22.0,0.9820000000000001,-0.008,0.003
"Los Angeles, CA - Westwood",2018-02-01,949000.0,0.040999999999999995,0.107,69.0,-0.013999999999999999,0.19,86.0,0.17800000000000002,0.075,60.0,-0.032,-0.077,49.0,3.0,6.0,0.978,-0.003,-0.002
"Los Angeles, CA - Westwood",2018-03-01,955000.0,0.006,0.11800000000000001,79.0,0.145,0.179,104.0,0.209,0.061,62.0,0.033,-0.151,32.0,-17.0,5.0,0.99,0.011000000000000001,0.003
"Los Angeles, CA - Westwood",2018-04-01,949000.0,-0.006,0.239,81.0,0.025,0.066,100.0,-0.038,-0.038,68.0,0.09699999999999999,-0.15,29.0,-3.0,0.0,1.002,0.012,0.006
"Los Angeles, CA - Westwood",2018-05-01,970000.0,0.022000000000000002,0.195,81.0,0.0,-0.08,97.0,-0.03,-0.16399999999999998,74.0,0.08800000000000001,-0.10800000000000001,23.0,-6.0,-4.0,1.0070000000000001,0.005,0.011000000000000001
"Los Angeles, CA - Westwood",2018-06-01,975000.0,0.005,0.16399999999999998,64.0,-0.21,-0.297,101.0,0.040999999999999995,-0.065,72.0,-0.027000000000000003,-0.04,29.0,6.0,7.0,1.003,-0.004,0.002
"Los Angeles, CA - Westwood",2018-07-01,1007000.0,0.033,0.151,70.0,0.094,-0.247,117.0,0.158,0.158,82.0,0.139,0.012,28.0,-1.0,-3.0,0.9940000000000001,-0.009000000000000001,0.005
"Los Angeles, CA - Westwood",2018-08-01,1000000.0,-0.006999999999999999,0.17600000000000002,75.0,0.071,-0.11800000000000001,116.0,-0.009000000000000001,0.22100000000000003,82.0,0.0,0.0,25.0,-3.0,-2.0,0.991,-0.002,-0.008
"Los Angeles, CA - Westwood",2018-09-01,973000.0,-0.027000000000000003,0.184,73.0,-0.027000000000000003,0.043,125.0,0.078,0.33,88.0,0.073,0.073,25.0,0.0,-16.0,0.99,-0.001,0.001
"Los Angeles, CA - Westwood",2018-10-01,926000.0,-0.049,0.14300000000000002,81.0,0.11,0.19100000000000003,117.0,-0.064,0.28600000000000003,87.0,-0.011000000000000001,0.192,24.0,-1.0,-10.0,0.993,0.003,-0.004
"Los Angeles, CA - Westwood",2018-11-01,974000.0,0.052000000000000005,0.133,82.0,0.012,0.302,112.0,-0.043,0.349,92.0,0.057,0.195,28.0,4.0,-9.0,0.9870000000000001,-0.006,0.0
"Los Angeles, CA - Westwood",2018-12-01,1059000.0,0.087,0.187,78.0,-0.049,0.054000000000000006,84.0,-0.25,0.273,85.0,-0.076,0.441,27.0,-2.0,-7.0,0.991,0.004,0.001
"Los Angeles, CA - Westwood",2019-01-01,1162000.0,0.09699999999999999,0.275,54.0,-0.308,-0.22899999999999998,66.0,-0.214,-0.096,86.0,0.012,0.387,33.0,7.0,-13.0,0.9840000000000001,-0.006999999999999999,0.002
"Los Angeles, CA - Westwood",2019-02-01,1025000.0,-0.11800000000000001,0.08,41.0,-0.24100000000000002,-0.406,56.0,-0.152,-0.349,83.0,-0.035,0.383,52.0,19.0,3.0,0.986,0.002,0.008
"Los Angeles, CA - Westwood",2019-03-01,908000.0,-0.114,-0.049,55.0,0.341,-0.304,76.0,0.35700000000000004,-0.269,83.0,0.0,0.33899999999999997,74.0,22.0,42.0,0.97,-0.016,-0.02
"Los Angeles, CA - Westwood",2019-04-01,914000.0,0.006999999999999999,-0.037000000000000005,64.0,0.16399999999999998,-0.21,97.0,0.276,-0.03,101.0,0.217,0.485,81.0,7.0,52.0,0.976,0.006,-0.026000000000000002
"Los Angeles, CA - Westwood",2019-05-01,960000.0,0.05,-0.01,77.0,0.203,-0.049,133.0,0.371,0.371,124.0,0.228,0.6759999999999999,63.0,-18.0,40.0,0.973,-0.003,-0.034
"Los Angeles, CA - Westwood",2019-06-01,960000.0,0.0,-0.015,71.0,-0.078,0.109,139.0,0.045,0.376,138.0,0.113,0.917,49.0,-14.0,20.0,0.9720000000000001,-0.001,-0.031000000000000003
"Los Angeles, CA - Westwood",2019-07-01,930000.0,-0.031000000000000003,-0.076,81.0,0.141,0.157,131.0,-0.057999999999999996,0.12,124.0,-0.10099999999999999,0.512,49.0,-1.0,21.0,0.971,-0.002,-0.023
"Los Angeles, CA - Westwood",2019-08-01,845000.0,-0.091,-0.155,84.0,0.037000000000000005,0.12,108.0,-0.17600000000000002,-0.069,121.0,-0.024,0.47600000000000003,52.0,4.0,27.0,0.976,0.005,-0.016
"Los Angeles, CA - Westwood",2019-09-01,866000.0,0.025,-0.11,92.0,0.095,0.26,102.0,-0.055999999999999994,-0.184,113.0,-0.066,0.284,53.0,1.0,28.0,0.983,0.008,-0.006999999999999999
"Los Angeles, CA - Westwood",2019-10-01,903000.0,0.043,-0.024,83.0,-0.098,0.025,98.0,-0.039,-0.162,114.0,0.009000000000000001,0.31,60.0,7.0,36.0,0.988,0.004,-0.006
"Los Angeles, CA - Westwood",2019-11-01,993000.0,0.099,0.019,72.0,-0.133,-0.122,88.0,-0.102,-0.214,108.0,-0.053,0.174,63.0,4.0,35.0,0.986,-0.001,-0.001
"Los Angeles, CA - Westwood",2019-12-01,1030000.0,0.038,-0.027000000000000003,71.0,-0.013999999999999999,-0.09,65.0,-0.261,-0.226,90.0,-0.167,0.059000000000000004,70.0,7.0,44.0,0.976,-0.011000000000000001,-0.016
"Los Angeles, CA - Westwood",2020-01-01,1028000.0,-0.002,-0.11599999999999999,68.0,-0.042,0.259,66.0,0.015,0.0,93.0,0.033,0.081,70.0,0.0,37.0,0.9720000000000001,-0.004,-0.012
"Los Angeles, CA - Westwood",2020-02-01,1030000.0,0.002,0.005,73.0,0.07400000000000001,0.78,84.0,0.273,0.5,103.0,0.10800000000000001,0.24100000000000002,91.0,21.0,39.0,0.97,-0.001,-0.016
"Los Angeles, CA - Westwood",2020-03-01,1100000.0,0.068,0.21100000000000002,68.0,-0.068,0.23600000000000002,101.0,0.20199999999999999,0.329,98.0,-0.049,0.18100000000000002,85.0,-6.0,11.0,0.9770000000000001,0.006999999999999999,0.006999999999999999
"Los Angeles, CA - Westwood",2020-04-01,1100000.0,0.0,0.204,62.0,-0.08800000000000001,-0.031000000000000003,90.0,-0.109,-0.07200000000000001,97.0,-0.01,-0.04,84.0,-1.0,3.0,0.978,0.001,0.002
"Los Angeles, CA - Westwood",2020-05-01,1100000.0,0.0,0.146,49.0,-0.21,-0.364,88.0,-0.022000000000000002,-0.33799999999999997,119.0,0.227,-0.04,70.0,-15.0,7.0,0.9740000000000001,-0.004,0.001
"Los Angeles, CA - Westwood",2020-06-01,880000.0,-0.2,-0.084,35.0,-0.28600000000000003,-0.507,102.0,0.159,-0.266,141.0,0.185,0.022000000000000002,57.0,-13.0,8.0,0.963,-0.011000000000000001,-0.009000000000000001
"Los Angeles, CA - Westwood",2020-07-01,853000.0,-0.031000000000000003,-0.083,44.0,0.257,-0.457,125.0,0.225,-0.046,141.0,0.0,0.13699999999999998,55.0,-2.0,7.0,0.9690000000000001,0.006,-0.002
"Los Angeles, CA - Westwood",2020-08-01,873000.0,0.023,0.033,66.0,0.5,-0.214,128.0,0.024,0.185,141.0,0.0,0.165,62.0,7.0,10.0,0.9720000000000001,0.003,-0.003
"Los Angeles, CA - Westwood",2020-09-01,870000.0,-0.003,0.005,81.0,0.227,-0.12,137.0,0.07,0.34299999999999997,165.0,0.17,0.46,57.0,-6.0,4.0,0.971,-0.001,-0.013000000000000001
"Los Angeles, CA - Westwood",2020-10-01,881000.0,0.012,-0.025,78.0,-0.037000000000000005,-0.06,144.0,0.051,0.469,178.0,0.079,0.561,62.0,6.0,3.0,0.9640000000000001,-0.006999999999999999,-0.024
"Los Angeles, CA - Westwood",2020-11-01,850000.0,-0.035,-0.14400000000000002,61.0,-0.218,-0.153,137.0,-0.049,0.557,168.0,-0.055999999999999994,0.556,56.0,-6.0,-7.0,0.9640000000000001,0.0,-0.023
"Los Angeles, CA - Westwood",2020-12-01,821000.0,-0.034,-0.203,64.0,0.049,-0.099,102.0,-0.255,0.569,137.0,-0.185,0.522,66.0,10.0,-5.0,0.97,0.006,-0.006
"Los Angeles, CA - Westwood",2021-01-01,845000.0,0.03,-0.17800000000000002,67.0,0.047,-0.015,94.0,-0.078,0.424,133.0,-0.028999999999999998,0.43,81.0,16.0,11.0,0.9770000000000001,0.006999999999999999,0.006
"Los Angeles, CA - Westwood",2021-02-01,870000.0,0.03,-0.155,75.0,0.11900000000000001,0.027000000000000003,95.0,0.011000000000000001,0.131,123.0,-0.075,0.19399999999999998,73.0,-8.0,-18.0,0.983,0.006,0.013000000000000001
"Los Angeles, CA - Westwood",2021-03-01,917000.0,0.053,-0.167,82.0,0.09300000000000001,0.20600000000000002,131.0,0.379,0.297,133.0,0.081,0.35700000000000004,85.0,12.0,1.0,0.976,-0.006999999999999999,-0.001
"Los Angeles, CA - Westwood",2021-04-01,975000.0,0.064,-0.114,89.0,0.085,0.435,149.0,0.13699999999999998,0.6559999999999999,142.0,0.068,0.46399999999999997,74.0,-11.0,-10.0,0.976,-0.001,-0.003
"Los Angeles, CA - Westwood",2021-05-01,1020000.0,0.046,-0.073,99.0,0.11199999999999999,1.02,155.0,0.04,0.761,144.0,0.013999999999999999,0.21,60.0,-14.0,-10.0,0.975,0.0,0.001
"Los Angeles, CA - Westwood",2021-06-01,1000000.0,-0.02,0.13699999999999998,97.0,-0.02,1.771,150.0,-0.032,0.47100000000000003,145.0,0.006999999999999999,0.027999999999999997,47.0,-13.0,-10.0,0.983,0.006999999999999999,0.019
"Los Angeles, CA - Westwood",2021-07-01,975000.0,-0.025,0.14400000000000002,101.0,0.040999999999999995,1.295,160.0,0.067,0.28,165.0,0.138,0.17,48.0,1.0,-7.0,0.9840000000000001,0.001,0.015
"Los Angeles, CA - Westwood",2021-08-01,823000.0,-0.156,-0.057,96.0,-0.05,0.455,160.0,0.0,0.25,161.0,-0.024,0.142,50.0,2.0,-12.0,0.986,0.002,0.013999999999999999
